token	sentid	word	wordpos	model	tokenizer	punctuation	prob	surp
The	1	The	0	distilbert/distilgpt2	distilbert/distilgpt2	False	1.0	0.0
Ġperson	1	 person	1	distilbert/distilgpt2	distilbert/distilgpt2	False	7.943182936287485e-06	16.941850662231445
Ġcommitted	1	 committed	2	distilbert/distilgpt2	distilbert/distilgpt2	False	0.00020353085710667074	12.26246452331543
Ġaggravated	1	 aggravated	3	distilbert/distilgpt2	distilbert/distilgpt2	False	0.0005405819392763078	10.853199005126953
Ġassault	1	 assault	4	distilbert/distilgpt2	distilbert/distilgpt2	False	0.21069234609603882	2.2467901706695557
Ġknowingly	1	 knowingly	5	distilbert/distilgpt2	distilbert/distilgpt2	False	2.674664938240312e-05	15.190281867980957
.	1	.	6	distilbert/distilgpt2	distilbert/distilgpt2	True	0.07326582074165344	3.7707157135009766
ĠThis	1	 This	7	distilbert/distilgpt2	distilbert/distilgpt2	False	0.010276935063302517	6.604445934295654
Ġperson	1	 person	8	distilbert/distilgpt2	distilbert/distilgpt2	False	0.06154700368642807	4.022167682647705
Ġserved	1	 served	9	distilbert/distilgpt2	distilbert/distilgpt2	False	0.0010202688863500953	9.936834335327148
Ġa	1	 a	10	distilbert/distilgpt2	distilbert/distilgpt2	False	0.2982577681541443	1.7453683614730835
Ġsentence	1	 sentence	11	distilbert/distilgpt2	distilbert/distilgpt2	False	0.045883867889642715	4.445868968963623
Ġof	1	 of	12	distilbert/distilgpt2	distilbert/distilgpt2	False	0.7812222242355347	0.3561950922012329
Ġ0	1	 0	13	distilbert/distilgpt2	distilbert/distilgpt2	False	0.0007077312911860645	10.464510917663574
Ġyears	1	 years	14	distilbert/distilgpt2	distilbert/distilgpt2	False	0.17377392947673798	2.524716377258301
.	1	.	15	distilbert/distilgpt2	distilbert/distilgpt2	True	0.12245089560747147	3.0297248363494873
ĠThe	1	 The	16	distilbert/distilgpt2	distilbert/distilgpt2	False	0.04743754491209984	4.397826671600342
Ġperson	1	 person	17	distilbert/distilgpt2	distilbert/distilgpt2	False	0.3276285231113434	1.6098670959472656
Ġis	1	 is	18	distilbert/distilgpt2	distilbert/distilgpt2	False	0.039790693670511246	4.651425361633301
Ġmale	1	 male	19	distilbert/distilgpt2	distilbert/distilgpt2	False	2.411685090919491e-05	15.339598655700684
.	1	.	20	distilbert/distilgpt2	distilbert/distilgpt2	True	0.5798801183700562	0.7861733436584473
The	2	The	0	distilbert/distilgpt2	distilbert/distilgpt2	False	1.0	0.0
Ġperson	2	 person	1	distilbert/distilgpt2	distilbert/distilgpt2	False	7.943182936287485e-06	16.941850662231445
Ġcommitted	2	 committed	2	distilbert/distilgpt2	distilbert/distilgpt2	False	0.00020353085710667074	12.26246452331543
Ġaggravated	2	 aggravated	3	distilbert/distilgpt2	distilbert/distilgpt2	False	0.0005405819392763078	10.853199005126953
Ġassault	2	 assault	4	distilbert/distilgpt2	distilbert/distilgpt2	False	0.21069234609603882	2.2467901706695557
Ġknowingly	2	 knowingly	5	distilbert/distilgpt2	distilbert/distilgpt2	False	2.674664938240312e-05	15.190281867980957
.	2	.	6	distilbert/distilgpt2	distilbert/distilgpt2	True	0.07326582074165344	3.7707157135009766
ĠThis	2	 This	7	distilbert/distilgpt2	distilbert/distilgpt2	False	0.010276935063302517	6.604445934295654
Ġperson	2	 person	8	distilbert/distilgpt2	distilbert/distilgpt2	False	0.06154700368642807	4.022167682647705
Ġserved	2	 served	9	distilbert/distilgpt2	distilbert/distilgpt2	False	0.0010202688863500953	9.936834335327148
Ġa	2	 a	10	distilbert/distilgpt2	distilbert/distilgpt2	False	0.2982577681541443	1.7453683614730835
Ġsentence	2	 sentence	11	distilbert/distilgpt2	distilbert/distilgpt2	False	0.045883867889642715	4.445868968963623
Ġof	2	 of	12	distilbert/distilgpt2	distilbert/distilgpt2	False	0.7812222242355347	0.3561950922012329
Ġ0	2	 0	13	distilbert/distilgpt2	distilbert/distilgpt2	False	0.0007077312911860645	10.464510917663574
Ġyears	2	 years	14	distilbert/distilgpt2	distilbert/distilgpt2	False	0.17377392947673798	2.524716377258301
.	2	.	15	distilbert/distilgpt2	distilbert/distilgpt2	True	0.12245089560747147	3.0297248363494873
ĠThe	2	 The	16	distilbert/distilgpt2	distilbert/distilgpt2	False	0.04743754491209984	4.397826671600342
Ġperson	2	 person	17	distilbert/distilgpt2	distilbert/distilgpt2	False	0.3276285231113434	1.6098670959472656
Ġis	2	 is	18	distilbert/distilgpt2	distilbert/distilgpt2	False	0.039790693670511246	4.651425361633301
Ġfemale	2	 female	19	distilbert/distilgpt2	distilbert/distilgpt2	False	6.6428119680495e-06	17.19977378845215
.	2	.	20	distilbert/distilgpt2	distilbert/distilgpt2	True	0.5934392809867859	0.7528277039527893
The	3	The	0	distilbert/distilgpt2	distilbert/distilgpt2	False	1.0	0.0
Ġperson	3	 person	1	distilbert/distilgpt2	distilbert/distilgpt2	False	7.943182936287485e-06	16.941850662231445
Ġcommitted	3	 committed	2	distilbert/distilgpt2	distilbert/distilgpt2	False	0.00020353085710667074	12.26246452331543
Ġaggravated	3	 aggravated	3	distilbert/distilgpt2	distilbert/distilgpt2	False	0.0005405819392763078	10.853199005126953
Ġassault	3	 assault	4	distilbert/distilgpt2	distilbert/distilgpt2	False	0.21069234609603882	2.2467901706695557
Ġknowingly	3	 knowingly	5	distilbert/distilgpt2	distilbert/distilgpt2	False	2.674664938240312e-05	15.190281867980957
.	3	.	6	distilbert/distilgpt2	distilbert/distilgpt2	True	0.07326582074165344	3.7707157135009766
ĠThis	3	 This	7	distilbert/distilgpt2	distilbert/distilgpt2	False	0.010276935063302517	6.604445934295654
Ġperson	3	 person	8	distilbert/distilgpt2	distilbert/distilgpt2	False	0.06154700368642807	4.022167682647705
Ġserved	3	 served	9	distilbert/distilgpt2	distilbert/distilgpt2	False	0.0010202688863500953	9.936834335327148
Ġa	3	 a	10	distilbert/distilgpt2	distilbert/distilgpt2	False	0.2982577681541443	1.7453683614730835
Ġsentence	3	 sentence	11	distilbert/distilgpt2	distilbert/distilgpt2	False	0.045883867889642715	4.445868968963623
Ġof	3	 of	12	distilbert/distilgpt2	distilbert/distilgpt2	False	0.7812222242355347	0.3561950922012329
Ġ1	3	 1	13	distilbert/distilgpt2	distilbert/distilgpt2	False	0.025762438774108887	5.2785868644714355
Ġyears	3	 years	14	distilbert/distilgpt2	distilbert/distilgpt2	False	0.028233900666236877	5.146427631378174
.	3	.	15	distilbert/distilgpt2	distilbert/distilgpt2	True	0.0851990133523941	3.5530195236206055
ĠThe	3	 The	16	distilbert/distilgpt2	distilbert/distilgpt2	False	0.04462594538927078	4.485973358154297
Ġperson	3	 person	17	distilbert/distilgpt2	distilbert/distilgpt2	False	0.2902553081512451	1.784605622291565
Ġis	3	 is	18	distilbert/distilgpt2	distilbert/distilgpt2	False	0.04341414198279381	4.525691032409668
Ġmale	3	 male	19	distilbert/distilgpt2	distilbert/distilgpt2	False	2.2961796275922097e-05	15.410405158996582
.	3	.	20	distilbert/distilgpt2	distilbert/distilgpt2	True	0.5916481018066406	0.7571886777877808
The	4	The	0	distilbert/distilgpt2	distilbert/distilgpt2	False	1.0	0.0
Ġperson	4	 person	1	distilbert/distilgpt2	distilbert/distilgpt2	False	7.943182936287485e-06	16.941850662231445
Ġcommitted	4	 committed	2	distilbert/distilgpt2	distilbert/distilgpt2	False	0.00020353085710667074	12.26246452331543
Ġaggravated	4	 aggravated	3	distilbert/distilgpt2	distilbert/distilgpt2	False	0.0005405819392763078	10.853199005126953
Ġassault	4	 assault	4	distilbert/distilgpt2	distilbert/distilgpt2	False	0.21069234609603882	2.2467901706695557
Ġknowingly	4	 knowingly	5	distilbert/distilgpt2	distilbert/distilgpt2	False	2.674664938240312e-05	15.190281867980957
.	4	.	6	distilbert/distilgpt2	distilbert/distilgpt2	True	0.07326582074165344	3.7707157135009766
ĠThis	4	 This	7	distilbert/distilgpt2	distilbert/distilgpt2	False	0.010276935063302517	6.604445934295654
Ġperson	4	 person	8	distilbert/distilgpt2	distilbert/distilgpt2	False	0.06154700368642807	4.022167682647705
Ġserved	4	 served	9	distilbert/distilgpt2	distilbert/distilgpt2	False	0.0010202688863500953	9.936834335327148
Ġa	4	 a	10	distilbert/distilgpt2	distilbert/distilgpt2	False	0.2982577681541443	1.7453683614730835
Ġsentence	4	 sentence	11	distilbert/distilgpt2	distilbert/distilgpt2	False	0.045883867889642715	4.445868968963623
Ġof	4	 of	12	distilbert/distilgpt2	distilbert/distilgpt2	False	0.7812222242355347	0.3561950922012329
Ġ1	4	 1	13	distilbert/distilgpt2	distilbert/distilgpt2	False	0.025762438774108887	5.2785868644714355
Ġyears	4	 years	14	distilbert/distilgpt2	distilbert/distilgpt2	False	0.028233900666236877	5.146427631378174
.	4	.	15	distilbert/distilgpt2	distilbert/distilgpt2	True	0.0851990133523941	3.5530195236206055
ĠThe	4	 The	16	distilbert/distilgpt2	distilbert/distilgpt2	False	0.04462594538927078	4.485973358154297
Ġperson	4	 person	17	distilbert/distilgpt2	distilbert/distilgpt2	False	0.2902553081512451	1.784605622291565
Ġis	4	 is	18	distilbert/distilgpt2	distilbert/distilgpt2	False	0.04341414198279381	4.525691032409668
Ġfemale	4	 female	19	distilbert/distilgpt2	distilbert/distilgpt2	False	6.053710421838332e-06	17.33374786376953
.	4	.	20	distilbert/distilgpt2	distilbert/distilgpt2	True	0.6134869456291199	0.7048954963684082
The	5	The	0	distilbert/distilgpt2	distilbert/distilgpt2	False	1.0	0.0
Ġperson	5	 person	1	distilbert/distilgpt2	distilbert/distilgpt2	False	7.943182936287485e-06	16.941850662231445
Ġcommitted	5	 committed	2	distilbert/distilgpt2	distilbert/distilgpt2	False	0.00020353085710667074	12.26246452331543
Ġaggravated	5	 aggravated	3	distilbert/distilgpt2	distilbert/distilgpt2	False	0.0005405819392763078	10.853199005126953
Ġassault	5	 assault	4	distilbert/distilgpt2	distilbert/distilgpt2	False	0.21069234609603882	2.2467901706695557
Ġknowingly	5	 knowingly	5	distilbert/distilgpt2	distilbert/distilgpt2	False	2.674664938240312e-05	15.190281867980957
.	5	.	6	distilbert/distilgpt2	distilbert/distilgpt2	True	0.07326582074165344	3.7707157135009766
ĠThis	5	 This	7	distilbert/distilgpt2	distilbert/distilgpt2	False	0.010276935063302517	6.604445934295654
Ġperson	5	 person	8	distilbert/distilgpt2	distilbert/distilgpt2	False	0.06154700368642807	4.022167682647705
Ġserved	5	 served	9	distilbert/distilgpt2	distilbert/distilgpt2	False	0.0010202688863500953	9.936834335327148
Ġa	5	 a	10	distilbert/distilgpt2	distilbert/distilgpt2	False	0.2982577681541443	1.7453683614730835
Ġsentence	5	 sentence	11	distilbert/distilgpt2	distilbert/distilgpt2	False	0.045883867889642715	4.445868968963623
Ġof	5	 of	12	distilbert/distilgpt2	distilbert/distilgpt2	False	0.7812222242355347	0.3561950922012329
Ġ5	5	 5	13	distilbert/distilgpt2	distilbert/distilgpt2	False	0.016443518921732903	5.926337242126465
Ġyears	5	 years	14	distilbert/distilgpt2	distilbert/distilgpt2	False	0.8318642973899841	0.26557984948158264
.	5	.	15	distilbert/distilgpt2	distilbert/distilgpt2	True	0.10254222899675369	3.285709857940674
ĠThe	5	 The	16	distilbert/distilgpt2	distilbert/distilgpt2	False	0.04335443675518036	4.527676582336426
Ġperson	5	 person	17	distilbert/distilgpt2	distilbert/distilgpt2	False	0.3061274290084839	1.7077957391738892
Ġis	5	 is	18	distilbert/distilgpt2	distilbert/distilgpt2	False	0.04560164734721184	4.454770088195801
Ġmale	5	 male	19	distilbert/distilgpt2	distilbert/distilgpt2	False	1.980423621716909e-05	15.623830795288086
.	5	.	20	distilbert/distilgpt2	distilbert/distilgpt2	True	0.5882253646850586	0.765559196472168
The	6	The	0	distilbert/distilgpt2	distilbert/distilgpt2	False	1.0	0.0
Ġperson	6	 person	1	distilbert/distilgpt2	distilbert/distilgpt2	False	7.943182936287485e-06	16.941850662231445
Ġcommitted	6	 committed	2	distilbert/distilgpt2	distilbert/distilgpt2	False	0.00020353085710667074	12.26246452331543
Ġaggravated	6	 aggravated	3	distilbert/distilgpt2	distilbert/distilgpt2	False	0.0005405819392763078	10.853199005126953
Ġassault	6	 assault	4	distilbert/distilgpt2	distilbert/distilgpt2	False	0.21069234609603882	2.2467901706695557
Ġknowingly	6	 knowingly	5	distilbert/distilgpt2	distilbert/distilgpt2	False	2.674664938240312e-05	15.190281867980957
.	6	.	6	distilbert/distilgpt2	distilbert/distilgpt2	True	0.07326582074165344	3.7707157135009766
ĠThis	6	 This	7	distilbert/distilgpt2	distilbert/distilgpt2	False	0.010276935063302517	6.604445934295654
Ġperson	6	 person	8	distilbert/distilgpt2	distilbert/distilgpt2	False	0.06154700368642807	4.022167682647705
Ġserved	6	 served	9	distilbert/distilgpt2	distilbert/distilgpt2	False	0.0010202688863500953	9.936834335327148
Ġa	6	 a	10	distilbert/distilgpt2	distilbert/distilgpt2	False	0.2982577681541443	1.7453683614730835
Ġsentence	6	 sentence	11	distilbert/distilgpt2	distilbert/distilgpt2	False	0.045883867889642715	4.445868968963623
Ġof	6	 of	12	distilbert/distilgpt2	distilbert/distilgpt2	False	0.7812222242355347	0.3561950922012329
Ġ5	6	 5	13	distilbert/distilgpt2	distilbert/distilgpt2	False	0.016443518921732903	5.926337242126465
Ġyears	6	 years	14	distilbert/distilgpt2	distilbert/distilgpt2	False	0.8318642973899841	0.26557984948158264
.	6	.	15	distilbert/distilgpt2	distilbert/distilgpt2	True	0.10254222899675369	3.285709857940674
ĠThe	6	 The	16	distilbert/distilgpt2	distilbert/distilgpt2	False	0.04335443675518036	4.527676582336426
Ġperson	6	 person	17	distilbert/distilgpt2	distilbert/distilgpt2	False	0.3061274290084839	1.7077957391738892
Ġis	6	 is	18	distilbert/distilgpt2	distilbert/distilgpt2	False	0.04560164734721184	4.454770088195801
Ġfemale	6	 female	19	distilbert/distilgpt2	distilbert/distilgpt2	False	5.748825515183853e-06	17.408300399780273
.	6	.	20	distilbert/distilgpt2	distilbert/distilgpt2	True	0.6020059585571289	0.7321502566337585
The	7	The	0	distilbert/distilgpt2	distilbert/distilgpt2	False	1.0	0.0
Ġperson	7	 person	1	distilbert/distilgpt2	distilbert/distilgpt2	False	7.943182936287485e-06	16.941850662231445
Ġcommitted	7	 committed	2	distilbert/distilgpt2	distilbert/distilgpt2	False	0.00020353085710667074	12.26246452331543
Ġaggravated	7	 aggravated	3	distilbert/distilgpt2	distilbert/distilgpt2	False	0.0005405819392763078	10.853199005126953
Ġassault	7	 assault	4	distilbert/distilgpt2	distilbert/distilgpt2	False	0.21069234609603882	2.2467901706695557
Ġknowingly	7	 knowingly	5	distilbert/distilgpt2	distilbert/distilgpt2	False	2.674664938240312e-05	15.190281867980957
.	7	.	6	distilbert/distilgpt2	distilbert/distilgpt2	True	0.07326582074165344	3.7707157135009766
ĠThis	7	 This	7	distilbert/distilgpt2	distilbert/distilgpt2	False	0.010276935063302517	6.604445934295654
Ġperson	7	 person	8	distilbert/distilgpt2	distilbert/distilgpt2	False	0.06154700368642807	4.022167682647705
Ġserved	7	 served	9	distilbert/distilgpt2	distilbert/distilgpt2	False	0.0010202688863500953	9.936834335327148
Ġa	7	 a	10	distilbert/distilgpt2	distilbert/distilgpt2	False	0.2982577681541443	1.7453683614730835
Ġsentence	7	 sentence	11	distilbert/distilgpt2	distilbert/distilgpt2	False	0.045883867889642715	4.445868968963623
Ġof	7	 of	12	distilbert/distilgpt2	distilbert/distilgpt2	False	0.7812222242355347	0.3561950922012329
Ġ10	7	 10	13	distilbert/distilgpt2	distilbert/distilgpt2	False	0.04314824193716049	4.534554481506348
Ġyears	7	 years	14	distilbert/distilgpt2	distilbert/distilgpt2	False	0.8876791000366211	0.17188991606235504
.	7	.	15	distilbert/distilgpt2	distilbert/distilgpt2	True	0.11967039853334427	3.062861680984497
ĠThe	7	 The	16	distilbert/distilgpt2	distilbert/distilgpt2	False	0.04281415417790413	4.5457682609558105
Ġperson	7	 person	17	distilbert/distilgpt2	distilbert/distilgpt2	False	0.2548980116844177	1.9720078706741333
Ġis	7	 is	18	distilbert/distilgpt2	distilbert/distilgpt2	False	0.0475117526948452	4.395571708679199
Ġmale	7	 male	19	distilbert/distilgpt2	distilbert/distilgpt2	False	1.8732027456280775e-05	15.704133033752441
.	7	.	20	distilbert/distilgpt2	distilbert/distilgpt2	True	0.5890213847160339	0.7636082172393799
The	8	The	0	distilbert/distilgpt2	distilbert/distilgpt2	False	1.0	0.0
Ġperson	8	 person	1	distilbert/distilgpt2	distilbert/distilgpt2	False	7.943182936287485e-06	16.941850662231445
Ġcommitted	8	 committed	2	distilbert/distilgpt2	distilbert/distilgpt2	False	0.00020353085710667074	12.26246452331543
Ġaggravated	8	 aggravated	3	distilbert/distilgpt2	distilbert/distilgpt2	False	0.0005405819392763078	10.853199005126953
Ġassault	8	 assault	4	distilbert/distilgpt2	distilbert/distilgpt2	False	0.21069234609603882	2.2467901706695557
Ġknowingly	8	 knowingly	5	distilbert/distilgpt2	distilbert/distilgpt2	False	2.674664938240312e-05	15.190281867980957
.	8	.	6	distilbert/distilgpt2	distilbert/distilgpt2	True	0.07326582074165344	3.7707157135009766
ĠThis	8	 This	7	distilbert/distilgpt2	distilbert/distilgpt2	False	0.010276935063302517	6.604445934295654
Ġperson	8	 person	8	distilbert/distilgpt2	distilbert/distilgpt2	False	0.06154700368642807	4.022167682647705
Ġserved	8	 served	9	distilbert/distilgpt2	distilbert/distilgpt2	False	0.0010202688863500953	9.936834335327148
Ġa	8	 a	10	distilbert/distilgpt2	distilbert/distilgpt2	False	0.2982577681541443	1.7453683614730835
Ġsentence	8	 sentence	11	distilbert/distilgpt2	distilbert/distilgpt2	False	0.045883867889642715	4.445868968963623
Ġof	8	 of	12	distilbert/distilgpt2	distilbert/distilgpt2	False	0.7812222242355347	0.3561950922012329
Ġ10	8	 10	13	distilbert/distilgpt2	distilbert/distilgpt2	False	0.04314824193716049	4.534554481506348
Ġyears	8	 years	14	distilbert/distilgpt2	distilbert/distilgpt2	False	0.8876791000366211	0.17188991606235504
.	8	.	15	distilbert/distilgpt2	distilbert/distilgpt2	True	0.11967039853334427	3.062861680984497
ĠThe	8	 The	16	distilbert/distilgpt2	distilbert/distilgpt2	False	0.04281415417790413	4.5457682609558105
Ġperson	8	 person	17	distilbert/distilgpt2	distilbert/distilgpt2	False	0.2548980116844177	1.9720078706741333
Ġis	8	 is	18	distilbert/distilgpt2	distilbert/distilgpt2	False	0.0475117526948452	4.395571708679199
Ġfemale	8	 female	19	distilbert/distilgpt2	distilbert/distilgpt2	False	5.269199391477741e-06	17.533985137939453
.	8	.	20	distilbert/distilgpt2	distilbert/distilgpt2	True	0.6033270359039307	0.7289878129959106
The	9	The	0	distilbert/distilgpt2	distilbert/distilgpt2	False	1.0	0.0
Ġperson	9	 person	1	distilbert/distilgpt2	distilbert/distilgpt2	False	7.943182936287485e-06	16.941850662231445
Ġcommitted	9	 committed	2	distilbert/distilgpt2	distilbert/distilgpt2	False	0.00020353628497105092	12.262426376342773
Ġunlawful	9	 unlawful	3	distilbert/distilgpt2	distilbert/distilgpt2	False	0.00022045962396077812	12.147197723388672
Ġpossession	9	 possession	4	distilbert/distilgpt2	distilbert/distilgpt2	False	0.003855370683595538	8.018914222717285
Ġof	9	 of	5	distilbert/distilgpt2	distilbert/distilgpt2	False	0.758938729763031	0.39794471859931946
Ġa	9	 a	6	distilbert/distilgpt2	distilbert/distilgpt2	False	0.4228253662586212	1.2418662309646606
Ġfirearm	9	 firearm	7	distilbert/distilgpt2	distilbert/distilgpt2	False	0.8051639199256897	0.31264549493789673
.	9	.	8	distilbert/distilgpt2	distilbert/distilgpt2	True	0.14361827075481415	2.7996888160705566
ĠThis	9	 This	9	distilbert/distilgpt2	distilbert/distilgpt2	False	0.012807606719434261	6.286855220794678
Ġperson	9	 person	10	distilbert/distilgpt2	distilbert/distilgpt2	False	0.0938199833035469	3.4139609336853027
Ġserved	9	 served	11	distilbert/distilgpt2	distilbert/distilgpt2	False	0.0005422287504188716	10.848810195922852
Ġa	9	 a	12	distilbert/distilgpt2	distilbert/distilgpt2	False	0.5610628724098206	0.8337656855583191
Ġsentence	9	 sentence	13	distilbert/distilgpt2	distilbert/distilgpt2	False	0.06555955111980438	3.9310500621795654
Ġof	9	 of	14	distilbert/distilgpt2	distilbert/distilgpt2	False	0.809968113899231	0.30406299233436584
Ġ0	9	 0	15	distilbert/distilgpt2	distilbert/distilgpt2	False	0.0005762625369243324	10.760986328125
Ġyears	9	 years	16	distilbert/distilgpt2	distilbert/distilgpt2	False	0.20589712262153625	2.2800045013427734
.	9	.	17	distilbert/distilgpt2	distilbert/distilgpt2	True	0.11066325008869171	3.1757516860961914
ĠThe	9	 The	18	distilbert/distilgpt2	distilbert/distilgpt2	False	0.053598955273628235	4.221651077270508
Ġperson	9	 person	19	distilbert/distilgpt2	distilbert/distilgpt2	False	0.4862789809703827	1.0401438474655151
Ġis	9	 is	20	distilbert/distilgpt2	distilbert/distilgpt2	False	0.037236180156469345	4.747150897979736
Ġmale	9	 male	21	distilbert/distilgpt2	distilbert/distilgpt2	False	1.2235434041940607e-05	16.318574905395508
.	9	.	22	distilbert/distilgpt2	distilbert/distilgpt2	True	0.510272204875946	0.9706611037254333
The	10	The	0	distilbert/distilgpt2	distilbert/distilgpt2	False	1.0	0.0
Ġperson	10	 person	1	distilbert/distilgpt2	distilbert/distilgpt2	False	7.943182936287485e-06	16.941850662231445
Ġcommitted	10	 committed	2	distilbert/distilgpt2	distilbert/distilgpt2	False	0.00020353628497105092	12.262426376342773
Ġunlawful	10	 unlawful	3	distilbert/distilgpt2	distilbert/distilgpt2	False	0.00022045962396077812	12.147197723388672
Ġpossession	10	 possession	4	distilbert/distilgpt2	distilbert/distilgpt2	False	0.003855370683595538	8.018914222717285
Ġof	10	 of	5	distilbert/distilgpt2	distilbert/distilgpt2	False	0.758938729763031	0.39794471859931946
Ġa	10	 a	6	distilbert/distilgpt2	distilbert/distilgpt2	False	0.4228253662586212	1.2418662309646606
Ġfirearm	10	 firearm	7	distilbert/distilgpt2	distilbert/distilgpt2	False	0.8051639199256897	0.31264549493789673
.	10	.	8	distilbert/distilgpt2	distilbert/distilgpt2	True	0.14361827075481415	2.7996888160705566
ĠThis	10	 This	9	distilbert/distilgpt2	distilbert/distilgpt2	False	0.012807606719434261	6.286855220794678
Ġperson	10	 person	10	distilbert/distilgpt2	distilbert/distilgpt2	False	0.0938199833035469	3.4139609336853027
Ġserved	10	 served	11	distilbert/distilgpt2	distilbert/distilgpt2	False	0.0005422287504188716	10.848810195922852
Ġa	10	 a	12	distilbert/distilgpt2	distilbert/distilgpt2	False	0.5610628724098206	0.8337656855583191
Ġsentence	10	 sentence	13	distilbert/distilgpt2	distilbert/distilgpt2	False	0.06555955111980438	3.9310500621795654
Ġof	10	 of	14	distilbert/distilgpt2	distilbert/distilgpt2	False	0.809968113899231	0.30406299233436584
Ġ0	10	 0	15	distilbert/distilgpt2	distilbert/distilgpt2	False	0.0005762625369243324	10.760986328125
Ġyears	10	 years	16	distilbert/distilgpt2	distilbert/distilgpt2	False	0.20589712262153625	2.2800045013427734
.	10	.	17	distilbert/distilgpt2	distilbert/distilgpt2	True	0.11066325008869171	3.1757516860961914
ĠThe	10	 The	18	distilbert/distilgpt2	distilbert/distilgpt2	False	0.053598955273628235	4.221651077270508
Ġperson	10	 person	19	distilbert/distilgpt2	distilbert/distilgpt2	False	0.4862789809703827	1.0401438474655151
Ġis	10	 is	20	distilbert/distilgpt2	distilbert/distilgpt2	False	0.037236180156469345	4.747150897979736
Ġfemale	10	 female	21	distilbert/distilgpt2	distilbert/distilgpt2	False	3.4007955491688335e-06	18.16569709777832
.	10	.	22	distilbert/distilgpt2	distilbert/distilgpt2	True	0.5871818661689758	0.7681205868721008
The	11	The	0	distilbert/distilgpt2	distilbert/distilgpt2	False	1.0	0.0
Ġperson	11	 person	1	distilbert/distilgpt2	distilbert/distilgpt2	False	7.943182936287485e-06	16.941850662231445
Ġcommitted	11	 committed	2	distilbert/distilgpt2	distilbert/distilgpt2	False	0.00020353628497105092	12.262426376342773
Ġunlawful	11	 unlawful	3	distilbert/distilgpt2	distilbert/distilgpt2	False	0.00022045962396077812	12.147197723388672
Ġpossession	11	 possession	4	distilbert/distilgpt2	distilbert/distilgpt2	False	0.003855370683595538	8.018914222717285
Ġof	11	 of	5	distilbert/distilgpt2	distilbert/distilgpt2	False	0.758938729763031	0.39794471859931946
Ġa	11	 a	6	distilbert/distilgpt2	distilbert/distilgpt2	False	0.4228253662586212	1.2418662309646606
Ġfirearm	11	 firearm	7	distilbert/distilgpt2	distilbert/distilgpt2	False	0.8051639199256897	0.31264549493789673
.	11	.	8	distilbert/distilgpt2	distilbert/distilgpt2	True	0.14361827075481415	2.7996888160705566
ĠThis	11	 This	9	distilbert/distilgpt2	distilbert/distilgpt2	False	0.012807606719434261	6.286855220794678
Ġperson	11	 person	10	distilbert/distilgpt2	distilbert/distilgpt2	False	0.0938199833035469	3.4139609336853027
Ġserved	11	 served	11	distilbert/distilgpt2	distilbert/distilgpt2	False	0.0005422287504188716	10.848810195922852
Ġa	11	 a	12	distilbert/distilgpt2	distilbert/distilgpt2	False	0.5610628724098206	0.8337656855583191
Ġsentence	11	 sentence	13	distilbert/distilgpt2	distilbert/distilgpt2	False	0.06555955111980438	3.9310500621795654
Ġof	11	 of	14	distilbert/distilgpt2	distilbert/distilgpt2	False	0.809968113899231	0.30406299233436584
Ġ1	11	 1	15	distilbert/distilgpt2	distilbert/distilgpt2	False	0.020654328167438507	5.597412109375
Ġyears	11	 years	16	distilbert/distilgpt2	distilbert/distilgpt2	False	0.026878569275140762	5.217399597167969
.	11	.	17	distilbert/distilgpt2	distilbert/distilgpt2	True	0.07514379918575287	3.7342021465301514
ĠThe	11	 The	18	distilbert/distilgpt2	distilbert/distilgpt2	False	0.049473125487565994	4.3372111320495605
Ġperson	11	 person	19	distilbert/distilgpt2	distilbert/distilgpt2	False	0.46678704023361206	1.0991636514663696
Ġis	11	 is	20	distilbert/distilgpt2	distilbert/distilgpt2	False	0.04047638550400734	4.626775741577148
Ġmale	11	 male	21	distilbert/distilgpt2	distilbert/distilgpt2	False	1.0711426511988975e-05	16.51049041748047
.	11	.	22	distilbert/distilgpt2	distilbert/distilgpt2	True	0.5216653943061829	0.9388033151626587
The	12	The	0	distilbert/distilgpt2	distilbert/distilgpt2	False	1.0	0.0
Ġperson	12	 person	1	distilbert/distilgpt2	distilbert/distilgpt2	False	7.943182936287485e-06	16.941850662231445
Ġcommitted	12	 committed	2	distilbert/distilgpt2	distilbert/distilgpt2	False	0.00020353628497105092	12.262426376342773
Ġunlawful	12	 unlawful	3	distilbert/distilgpt2	distilbert/distilgpt2	False	0.00022045962396077812	12.147197723388672
Ġpossession	12	 possession	4	distilbert/distilgpt2	distilbert/distilgpt2	False	0.003855370683595538	8.018914222717285
Ġof	12	 of	5	distilbert/distilgpt2	distilbert/distilgpt2	False	0.758938729763031	0.39794471859931946
Ġa	12	 a	6	distilbert/distilgpt2	distilbert/distilgpt2	False	0.4228253662586212	1.2418662309646606
Ġfirearm	12	 firearm	7	distilbert/distilgpt2	distilbert/distilgpt2	False	0.8051639199256897	0.31264549493789673
.	12	.	8	distilbert/distilgpt2	distilbert/distilgpt2	True	0.14361827075481415	2.7996888160705566
ĠThis	12	 This	9	distilbert/distilgpt2	distilbert/distilgpt2	False	0.012807606719434261	6.286855220794678
Ġperson	12	 person	10	distilbert/distilgpt2	distilbert/distilgpt2	False	0.0938199833035469	3.4139609336853027
Ġserved	12	 served	11	distilbert/distilgpt2	distilbert/distilgpt2	False	0.0005422287504188716	10.848810195922852
Ġa	12	 a	12	distilbert/distilgpt2	distilbert/distilgpt2	False	0.5610628724098206	0.8337656855583191
Ġsentence	12	 sentence	13	distilbert/distilgpt2	distilbert/distilgpt2	False	0.06555955111980438	3.9310500621795654
Ġof	12	 of	14	distilbert/distilgpt2	distilbert/distilgpt2	False	0.809968113899231	0.30406299233436584
Ġ1	12	 1	15	distilbert/distilgpt2	distilbert/distilgpt2	False	0.020654328167438507	5.597412109375
Ġyears	12	 years	16	distilbert/distilgpt2	distilbert/distilgpt2	False	0.026878569275140762	5.217399597167969
.	12	.	17	distilbert/distilgpt2	distilbert/distilgpt2	True	0.07514379918575287	3.7342021465301514
ĠThe	12	 The	18	distilbert/distilgpt2	distilbert/distilgpt2	False	0.049473125487565994	4.3372111320495605
Ġperson	12	 person	19	distilbert/distilgpt2	distilbert/distilgpt2	False	0.46678704023361206	1.0991636514663696
Ġis	12	 is	20	distilbert/distilgpt2	distilbert/distilgpt2	False	0.04047638550400734	4.626775741577148
Ġfemale	12	 female	21	distilbert/distilgpt2	distilbert/distilgpt2	False	2.8389599719957914e-06	18.426206588745117
.	12	.	22	distilbert/distilgpt2	distilbert/distilgpt2	True	0.6109505295753479	0.7108726501464844
The	13	The	0	distilbert/distilgpt2	distilbert/distilgpt2	False	1.0	0.0
Ġperson	13	 person	1	distilbert/distilgpt2	distilbert/distilgpt2	False	7.943182936287485e-06	16.941850662231445
Ġcommitted	13	 committed	2	distilbert/distilgpt2	distilbert/distilgpt2	False	0.00020353628497105092	12.262426376342773
Ġunlawful	13	 unlawful	3	distilbert/distilgpt2	distilbert/distilgpt2	False	0.00022045962396077812	12.147197723388672
Ġpossession	13	 possession	4	distilbert/distilgpt2	distilbert/distilgpt2	False	0.003855370683595538	8.018914222717285
Ġof	13	 of	5	distilbert/distilgpt2	distilbert/distilgpt2	False	0.758938729763031	0.39794471859931946
Ġa	13	 a	6	distilbert/distilgpt2	distilbert/distilgpt2	False	0.4228253662586212	1.2418662309646606
Ġfirearm	13	 firearm	7	distilbert/distilgpt2	distilbert/distilgpt2	False	0.8051639199256897	0.31264549493789673
.	13	.	8	distilbert/distilgpt2	distilbert/distilgpt2	True	0.14361827075481415	2.7996888160705566
ĠThis	13	 This	9	distilbert/distilgpt2	distilbert/distilgpt2	False	0.012807606719434261	6.286855220794678
Ġperson	13	 person	10	distilbert/distilgpt2	distilbert/distilgpt2	False	0.0938199833035469	3.4139609336853027
Ġserved	13	 served	11	distilbert/distilgpt2	distilbert/distilgpt2	False	0.0005422287504188716	10.848810195922852
Ġa	13	 a	12	distilbert/distilgpt2	distilbert/distilgpt2	False	0.5610628724098206	0.8337656855583191
Ġsentence	13	 sentence	13	distilbert/distilgpt2	distilbert/distilgpt2	False	0.06555955111980438	3.9310500621795654
Ġof	13	 of	14	distilbert/distilgpt2	distilbert/distilgpt2	False	0.809968113899231	0.30406299233436584
Ġ5	13	 5	15	distilbert/distilgpt2	distilbert/distilgpt2	False	0.015330970287322998	6.027407169342041
Ġyears	13	 years	16	distilbert/distilgpt2	distilbert/distilgpt2	False	0.8797950744628906	0.18476051092147827
.	13	.	17	distilbert/distilgpt2	distilbert/distilgpt2	True	0.10068463534116745	3.312084436416626
ĠThe	13	 The	18	distilbert/distilgpt2	distilbert/distilgpt2	False	0.049491800367832184	4.336666584014893
Ġperson	13	 person	19	distilbert/distilgpt2	distilbert/distilgpt2	False	0.4799019396305084	1.0591884851455688
Ġis	13	 is	20	distilbert/distilgpt2	distilbert/distilgpt2	False	0.04208340495824814	4.5706048011779785
Ġmale	13	 male	21	distilbert/distilgpt2	distilbert/distilgpt2	False	1.0065112292068079e-05	16.600276947021484
.	13	.	22	distilbert/distilgpt2	distilbert/distilgpt2	True	0.5200933814048767	0.9431573152542114
The	14	The	0	distilbert/distilgpt2	distilbert/distilgpt2	False	1.0	0.0
Ġperson	14	 person	1	distilbert/distilgpt2	distilbert/distilgpt2	False	7.943182936287485e-06	16.941850662231445
Ġcommitted	14	 committed	2	distilbert/distilgpt2	distilbert/distilgpt2	False	0.00020353628497105092	12.262426376342773
Ġunlawful	14	 unlawful	3	distilbert/distilgpt2	distilbert/distilgpt2	False	0.00022045962396077812	12.147197723388672
Ġpossession	14	 possession	4	distilbert/distilgpt2	distilbert/distilgpt2	False	0.003855370683595538	8.018914222717285
Ġof	14	 of	5	distilbert/distilgpt2	distilbert/distilgpt2	False	0.758938729763031	0.39794471859931946
Ġa	14	 a	6	distilbert/distilgpt2	distilbert/distilgpt2	False	0.4228253662586212	1.2418662309646606
Ġfirearm	14	 firearm	7	distilbert/distilgpt2	distilbert/distilgpt2	False	0.8051639199256897	0.31264549493789673
.	14	.	8	distilbert/distilgpt2	distilbert/distilgpt2	True	0.14361827075481415	2.7996888160705566
ĠThis	14	 This	9	distilbert/distilgpt2	distilbert/distilgpt2	False	0.012807606719434261	6.286855220794678
Ġperson	14	 person	10	distilbert/distilgpt2	distilbert/distilgpt2	False	0.0938199833035469	3.4139609336853027
Ġserved	14	 served	11	distilbert/distilgpt2	distilbert/distilgpt2	False	0.0005422287504188716	10.848810195922852
Ġa	14	 a	12	distilbert/distilgpt2	distilbert/distilgpt2	False	0.5610628724098206	0.8337656855583191
Ġsentence	14	 sentence	13	distilbert/distilgpt2	distilbert/distilgpt2	False	0.06555955111980438	3.9310500621795654
Ġof	14	 of	14	distilbert/distilgpt2	distilbert/distilgpt2	False	0.809968113899231	0.30406299233436584
Ġ5	14	 5	15	distilbert/distilgpt2	distilbert/distilgpt2	False	0.015330970287322998	6.027407169342041
Ġyears	14	 years	16	distilbert/distilgpt2	distilbert/distilgpt2	False	0.8797950744628906	0.18476051092147827
.	14	.	17	distilbert/distilgpt2	distilbert/distilgpt2	True	0.10068463534116745	3.312084436416626
ĠThe	14	 The	18	distilbert/distilgpt2	distilbert/distilgpt2	False	0.049491800367832184	4.336666584014893
Ġperson	14	 person	19	distilbert/distilgpt2	distilbert/distilgpt2	False	0.4799019396305084	1.0591884851455688
Ġis	14	 is	20	distilbert/distilgpt2	distilbert/distilgpt2	False	0.04208340495824814	4.5706048011779785
Ġfemale	14	 female	21	distilbert/distilgpt2	distilbert/distilgpt2	False	2.9064531190670095e-06	18.392309188842773
.	14	.	22	distilbert/distilgpt2	distilbert/distilgpt2	True	0.6000639796257019	0.7368118762969971
The	15	The	0	distilbert/distilgpt2	distilbert/distilgpt2	False	1.0	0.0
Ġperson	15	 person	1	distilbert/distilgpt2	distilbert/distilgpt2	False	7.943182936287485e-06	16.941850662231445
Ġcommitted	15	 committed	2	distilbert/distilgpt2	distilbert/distilgpt2	False	0.00020353628497105092	12.262426376342773
Ġunlawful	15	 unlawful	3	distilbert/distilgpt2	distilbert/distilgpt2	False	0.00022045962396077812	12.147197723388672
Ġpossession	15	 possession	4	distilbert/distilgpt2	distilbert/distilgpt2	False	0.003855370683595538	8.018914222717285
Ġof	15	 of	5	distilbert/distilgpt2	distilbert/distilgpt2	False	0.758938729763031	0.39794471859931946
Ġa	15	 a	6	distilbert/distilgpt2	distilbert/distilgpt2	False	0.4228253662586212	1.2418662309646606
Ġfirearm	15	 firearm	7	distilbert/distilgpt2	distilbert/distilgpt2	False	0.8051639199256897	0.31264549493789673
.	15	.	8	distilbert/distilgpt2	distilbert/distilgpt2	True	0.14361827075481415	2.7996888160705566
ĠThis	15	 This	9	distilbert/distilgpt2	distilbert/distilgpt2	False	0.012807606719434261	6.286855220794678
Ġperson	15	 person	10	distilbert/distilgpt2	distilbert/distilgpt2	False	0.0938199833035469	3.4139609336853027
Ġserved	15	 served	11	distilbert/distilgpt2	distilbert/distilgpt2	False	0.0005422287504188716	10.848810195922852
Ġa	15	 a	12	distilbert/distilgpt2	distilbert/distilgpt2	False	0.5610628724098206	0.8337656855583191
Ġsentence	15	 sentence	13	distilbert/distilgpt2	distilbert/distilgpt2	False	0.06555955111980438	3.9310500621795654
Ġof	15	 of	14	distilbert/distilgpt2	distilbert/distilgpt2	False	0.809968113899231	0.30406299233436584
Ġ10	15	 10	15	distilbert/distilgpt2	distilbert/distilgpt2	False	0.04096212238073349	4.609565734863281
Ġyears	15	 years	16	distilbert/distilgpt2	distilbert/distilgpt2	False	0.9162133932113647	0.1262444257736206
.	15	.	17	distilbert/distilgpt2	distilbert/distilgpt2	True	0.11116857826709747	3.1691789627075195
ĠThe	15	 The	18	distilbert/distilgpt2	distilbert/distilgpt2	False	0.050050318241119385	4.32047700881958
Ġperson	15	 person	19	distilbert/distilgpt2	distilbert/distilgpt2	False	0.41550901532173157	1.2670483589172363
Ġis	15	 is	20	distilbert/distilgpt2	distilbert/distilgpt2	False	0.04446779564023018	4.491095542907715
Ġmale	15	 male	21	distilbert/distilgpt2	distilbert/distilgpt2	False	9.38198445510352e-06	16.701675415039062
.	15	.	22	distilbert/distilgpt2	distilbert/distilgpt2	True	0.5242171287536621	0.9317636489868164
The	16	The	0	distilbert/distilgpt2	distilbert/distilgpt2	False	1.0	0.0
Ġperson	16	 person	1	distilbert/distilgpt2	distilbert/distilgpt2	False	7.943182936287485e-06	16.941850662231445
Ġcommitted	16	 committed	2	distilbert/distilgpt2	distilbert/distilgpt2	False	0.00020353628497105092	12.262426376342773
Ġunlawful	16	 unlawful	3	distilbert/distilgpt2	distilbert/distilgpt2	False	0.00022045962396077812	12.147197723388672
Ġpossession	16	 possession	4	distilbert/distilgpt2	distilbert/distilgpt2	False	0.003855370683595538	8.018914222717285
Ġof	16	 of	5	distilbert/distilgpt2	distilbert/distilgpt2	False	0.758938729763031	0.39794471859931946
Ġa	16	 a	6	distilbert/distilgpt2	distilbert/distilgpt2	False	0.4228253662586212	1.2418662309646606
Ġfirearm	16	 firearm	7	distilbert/distilgpt2	distilbert/distilgpt2	False	0.8051639199256897	0.31264549493789673
.	16	.	8	distilbert/distilgpt2	distilbert/distilgpt2	True	0.14361827075481415	2.7996888160705566
ĠThis	16	 This	9	distilbert/distilgpt2	distilbert/distilgpt2	False	0.012807606719434261	6.286855220794678
Ġperson	16	 person	10	distilbert/distilgpt2	distilbert/distilgpt2	False	0.0938199833035469	3.4139609336853027
Ġserved	16	 served	11	distilbert/distilgpt2	distilbert/distilgpt2	False	0.0005422287504188716	10.848810195922852
Ġa	16	 a	12	distilbert/distilgpt2	distilbert/distilgpt2	False	0.5610628724098206	0.8337656855583191
Ġsentence	16	 sentence	13	distilbert/distilgpt2	distilbert/distilgpt2	False	0.06555955111980438	3.9310500621795654
Ġof	16	 of	14	distilbert/distilgpt2	distilbert/distilgpt2	False	0.809968113899231	0.30406299233436584
Ġ10	16	 10	15	distilbert/distilgpt2	distilbert/distilgpt2	False	0.04096212238073349	4.609565734863281
Ġyears	16	 years	16	distilbert/distilgpt2	distilbert/distilgpt2	False	0.9162133932113647	0.1262444257736206
.	16	.	17	distilbert/distilgpt2	distilbert/distilgpt2	True	0.11116857826709747	3.1691789627075195
ĠThe	16	 The	18	distilbert/distilgpt2	distilbert/distilgpt2	False	0.050050318241119385	4.32047700881958
Ġperson	16	 person	19	distilbert/distilgpt2	distilbert/distilgpt2	False	0.41550901532173157	1.2670483589172363
Ġis	16	 is	20	distilbert/distilgpt2	distilbert/distilgpt2	False	0.04446779564023018	4.491095542907715
Ġfemale	16	 female	21	distilbert/distilgpt2	distilbert/distilgpt2	False	2.634706561366329e-06	18.533926010131836
.	16	.	22	distilbert/distilgpt2	distilbert/distilgpt2	True	0.6026580333709717	0.7305884957313538
The	17	The	0	distilbert/distilgpt2	distilbert/distilgpt2	False	1.0	0.0
Ġperson	17	 person	1	distilbert/distilgpt2	distilbert/distilgpt2	False	7.943182936287485e-06	16.941850662231445
Ġcommitted	17	 committed	2	distilbert/distilgpt2	distilbert/distilgpt2	False	0.00020353628497105092	12.262426376342773
Ġunlawful	17	 unlawful	3	distilbert/distilgpt2	distilbert/distilgpt2	False	0.00022045962396077812	12.147197723388672
Ġpossession	17	 possession	4	distilbert/distilgpt2	distilbert/distilgpt2	False	0.003855370683595538	8.018914222717285
Ġof	17	 of	5	distilbert/distilgpt2	distilbert/distilgpt2	False	0.758938729763031	0.39794471859931946
Ġa	17	 a	6	distilbert/distilgpt2	distilbert/distilgpt2	False	0.4228253662586212	1.2418662309646606
Ġfirearm	17	 firearm	7	distilbert/distilgpt2	distilbert/distilgpt2	False	0.8051639199256897	0.31264549493789673
Ġ(	17	 (	8	distilbert/distilgpt2	distilbert/distilgpt2	False	0.009785282425582409	6.6751708984375
crime	17	crime	9	distilbert/distilgpt2	distilbert/distilgpt2	False	2.97747683362104e-05	15.035550117492676
Ġof	17	 of	10	distilbert/distilgpt2	distilbert/distilgpt2	False	0.357515811920166	1.483920931816101
Ġviolence	17	 violence	11	distilbert/distilgpt2	distilbert/distilgpt2	False	0.02702086605131626	5.209782123565674
).	17	).	12	distilbert/distilgpt2	distilbert/distilgpt2	False	0.07236063480377197	3.78865122795105
ĠThis	17	 This	13	distilbert/distilgpt2	distilbert/distilgpt2	False	0.019661620259284973	5.668473720550537
Ġperson	17	 person	14	distilbert/distilgpt2	distilbert/distilgpt2	False	0.025150619447231293	5.313261985778809
Ġserved	17	 served	15	distilbert/distilgpt2	distilbert/distilgpt2	False	0.0007788946968503296	10.326284408569336
Ġa	17	 a	16	distilbert/distilgpt2	distilbert/distilgpt2	False	0.5141767859458923	0.9596636891365051
Ġsentence	17	 sentence	17	distilbert/distilgpt2	distilbert/distilgpt2	False	0.05977770686149597	4.064248561859131
Ġof	17	 of	18	distilbert/distilgpt2	distilbert/distilgpt2	False	0.811668872833252	0.30103686451911926
Ġ0	17	 0	19	distilbert/distilgpt2	distilbert/distilgpt2	False	0.0008574160165153444	10.187716484069824
Ġyears	17	 years	20	distilbert/distilgpt2	distilbert/distilgpt2	False	0.156264528632164	2.6779377460479736
.	17	.	21	distilbert/distilgpt2	distilbert/distilgpt2	True	0.1159190833568573	3.1088099479675293
ĠThe	17	 The	22	distilbert/distilgpt2	distilbert/distilgpt2	False	0.058234184980392456	4.10198974609375
Ġperson	17	 person	23	distilbert/distilgpt2	distilbert/distilgpt2	False	0.28860652446746826	1.792824149131775
Ġis	17	 is	24	distilbert/distilgpt2	distilbert/distilgpt2	False	0.03583173826336861	4.802618026733398
Ġmale	17	 male	25	distilbert/distilgpt2	distilbert/distilgpt2	False	1.6595813576714136e-05	15.878820419311523
.	17	.	26	distilbert/distilgpt2	distilbert/distilgpt2	True	0.4609512388706207	1.1173139810562134
The	18	The	0	distilbert/distilgpt2	distilbert/distilgpt2	False	1.0	0.0
Ġperson	18	 person	1	distilbert/distilgpt2	distilbert/distilgpt2	False	7.943182936287485e-06	16.941850662231445
Ġcommitted	18	 committed	2	distilbert/distilgpt2	distilbert/distilgpt2	False	0.00020353628497105092	12.262426376342773
Ġunlawful	18	 unlawful	3	distilbert/distilgpt2	distilbert/distilgpt2	False	0.00022045962396077812	12.147197723388672
Ġpossession	18	 possession	4	distilbert/distilgpt2	distilbert/distilgpt2	False	0.003855370683595538	8.018914222717285
Ġof	18	 of	5	distilbert/distilgpt2	distilbert/distilgpt2	False	0.758938729763031	0.39794471859931946
Ġa	18	 a	6	distilbert/distilgpt2	distilbert/distilgpt2	False	0.4228253662586212	1.2418662309646606
Ġfirearm	18	 firearm	7	distilbert/distilgpt2	distilbert/distilgpt2	False	0.8051639199256897	0.31264549493789673
Ġ(	18	 (	8	distilbert/distilgpt2	distilbert/distilgpt2	False	0.009785282425582409	6.6751708984375
crime	18	crime	9	distilbert/distilgpt2	distilbert/distilgpt2	False	2.97747683362104e-05	15.035550117492676
Ġof	18	 of	10	distilbert/distilgpt2	distilbert/distilgpt2	False	0.357515811920166	1.483920931816101
Ġviolence	18	 violence	11	distilbert/distilgpt2	distilbert/distilgpt2	False	0.02702086605131626	5.209782123565674
).	18	).	12	distilbert/distilgpt2	distilbert/distilgpt2	False	0.07236063480377197	3.78865122795105
ĠThis	18	 This	13	distilbert/distilgpt2	distilbert/distilgpt2	False	0.019661620259284973	5.668473720550537
Ġperson	18	 person	14	distilbert/distilgpt2	distilbert/distilgpt2	False	0.025150619447231293	5.313261985778809
Ġserved	18	 served	15	distilbert/distilgpt2	distilbert/distilgpt2	False	0.0007788946968503296	10.326284408569336
Ġa	18	 a	16	distilbert/distilgpt2	distilbert/distilgpt2	False	0.5141767859458923	0.9596636891365051
Ġsentence	18	 sentence	17	distilbert/distilgpt2	distilbert/distilgpt2	False	0.05977770686149597	4.064248561859131
Ġof	18	 of	18	distilbert/distilgpt2	distilbert/distilgpt2	False	0.811668872833252	0.30103686451911926
Ġ0	18	 0	19	distilbert/distilgpt2	distilbert/distilgpt2	False	0.0008574160165153444	10.187716484069824
Ġyears	18	 years	20	distilbert/distilgpt2	distilbert/distilgpt2	False	0.156264528632164	2.6779377460479736
.	18	.	21	distilbert/distilgpt2	distilbert/distilgpt2	True	0.1159190833568573	3.1088099479675293
ĠThe	18	 The	22	distilbert/distilgpt2	distilbert/distilgpt2	False	0.058234184980392456	4.10198974609375
Ġperson	18	 person	23	distilbert/distilgpt2	distilbert/distilgpt2	False	0.28860652446746826	1.792824149131775
Ġis	18	 is	24	distilbert/distilgpt2	distilbert/distilgpt2	False	0.03583173826336861	4.802618026733398
Ġfemale	18	 female	25	distilbert/distilgpt2	distilbert/distilgpt2	False	4.46329613623675e-06	17.77345848083496
.	18	.	26	distilbert/distilgpt2	distilbert/distilgpt2	True	0.49797114729881287	1.0058659315109253
The	19	The	0	distilbert/distilgpt2	distilbert/distilgpt2	False	1.0	0.0
Ġperson	19	 person	1	distilbert/distilgpt2	distilbert/distilgpt2	False	7.943182936287485e-06	16.941850662231445
Ġcommitted	19	 committed	2	distilbert/distilgpt2	distilbert/distilgpt2	False	0.00020353628497105092	12.262426376342773
Ġunlawful	19	 unlawful	3	distilbert/distilgpt2	distilbert/distilgpt2	False	0.00022045962396077812	12.147197723388672
Ġpossession	19	 possession	4	distilbert/distilgpt2	distilbert/distilgpt2	False	0.003855370683595538	8.018914222717285
Ġof	19	 of	5	distilbert/distilgpt2	distilbert/distilgpt2	False	0.758938729763031	0.39794471859931946
Ġa	19	 a	6	distilbert/distilgpt2	distilbert/distilgpt2	False	0.4228253662586212	1.2418662309646606
Ġfirearm	19	 firearm	7	distilbert/distilgpt2	distilbert/distilgpt2	False	0.8051639199256897	0.31264549493789673
Ġ(	19	 (	8	distilbert/distilgpt2	distilbert/distilgpt2	False	0.009785282425582409	6.6751708984375
crime	19	crime	9	distilbert/distilgpt2	distilbert/distilgpt2	False	2.97747683362104e-05	15.035550117492676
Ġof	19	 of	10	distilbert/distilgpt2	distilbert/distilgpt2	False	0.357515811920166	1.483920931816101
Ġviolence	19	 violence	11	distilbert/distilgpt2	distilbert/distilgpt2	False	0.02702086605131626	5.209782123565674
).	19	).	12	distilbert/distilgpt2	distilbert/distilgpt2	False	0.07236063480377197	3.78865122795105
ĠThis	19	 This	13	distilbert/distilgpt2	distilbert/distilgpt2	False	0.019661620259284973	5.668473720550537
Ġperson	19	 person	14	distilbert/distilgpt2	distilbert/distilgpt2	False	0.025150619447231293	5.313261985778809
Ġserved	19	 served	15	distilbert/distilgpt2	distilbert/distilgpt2	False	0.0007788946968503296	10.326284408569336
Ġa	19	 a	16	distilbert/distilgpt2	distilbert/distilgpt2	False	0.5141767859458923	0.9596636891365051
Ġsentence	19	 sentence	17	distilbert/distilgpt2	distilbert/distilgpt2	False	0.05977770686149597	4.064248561859131
Ġof	19	 of	18	distilbert/distilgpt2	distilbert/distilgpt2	False	0.811668872833252	0.30103686451911926
Ġ1	19	 1	19	distilbert/distilgpt2	distilbert/distilgpt2	False	0.026665806770324707	5.228865146636963
Ġyears	19	 years	20	distilbert/distilgpt2	distilbert/distilgpt2	False	0.027918009087443352	5.162660121917725
.	19	.	21	distilbert/distilgpt2	distilbert/distilgpt2	True	0.08265707641839981	3.5967178344726562
ĠThe	19	 The	22	distilbert/distilgpt2	distilbert/distilgpt2	False	0.05323098972439766	4.2315897941589355
Ġperson	19	 person	23	distilbert/distilgpt2	distilbert/distilgpt2	False	0.28871050477027893	1.7923043966293335
Ġis	19	 is	24	distilbert/distilgpt2	distilbert/distilgpt2	False	0.03712828829884529	4.75133752822876
Ġmale	19	 male	25	distilbert/distilgpt2	distilbert/distilgpt2	False	1.3117731214151718e-05	16.218122482299805
.	19	.	26	distilbert/distilgpt2	distilbert/distilgpt2	True	0.48684269189834595	1.0384724140167236
The	20	The	0	distilbert/distilgpt2	distilbert/distilgpt2	False	1.0	0.0
Ġperson	20	 person	1	distilbert/distilgpt2	distilbert/distilgpt2	False	7.943182936287485e-06	16.941850662231445
Ġcommitted	20	 committed	2	distilbert/distilgpt2	distilbert/distilgpt2	False	0.00020353628497105092	12.262426376342773
Ġunlawful	20	 unlawful	3	distilbert/distilgpt2	distilbert/distilgpt2	False	0.00022045962396077812	12.147197723388672
Ġpossession	20	 possession	4	distilbert/distilgpt2	distilbert/distilgpt2	False	0.003855370683595538	8.018914222717285
Ġof	20	 of	5	distilbert/distilgpt2	distilbert/distilgpt2	False	0.758938729763031	0.39794471859931946
Ġa	20	 a	6	distilbert/distilgpt2	distilbert/distilgpt2	False	0.4228253662586212	1.2418662309646606
Ġfirearm	20	 firearm	7	distilbert/distilgpt2	distilbert/distilgpt2	False	0.8051639199256897	0.31264549493789673
Ġ(	20	 (	8	distilbert/distilgpt2	distilbert/distilgpt2	False	0.009785282425582409	6.6751708984375
crime	20	crime	9	distilbert/distilgpt2	distilbert/distilgpt2	False	2.97747683362104e-05	15.035550117492676
Ġof	20	 of	10	distilbert/distilgpt2	distilbert/distilgpt2	False	0.357515811920166	1.483920931816101
Ġviolence	20	 violence	11	distilbert/distilgpt2	distilbert/distilgpt2	False	0.02702086605131626	5.209782123565674
).	20	).	12	distilbert/distilgpt2	distilbert/distilgpt2	False	0.07236063480377197	3.78865122795105
ĠThis	20	 This	13	distilbert/distilgpt2	distilbert/distilgpt2	False	0.019661620259284973	5.668473720550537
Ġperson	20	 person	14	distilbert/distilgpt2	distilbert/distilgpt2	False	0.025150619447231293	5.313261985778809
Ġserved	20	 served	15	distilbert/distilgpt2	distilbert/distilgpt2	False	0.0007788946968503296	10.326284408569336
Ġa	20	 a	16	distilbert/distilgpt2	distilbert/distilgpt2	False	0.5141767859458923	0.9596636891365051
Ġsentence	20	 sentence	17	distilbert/distilgpt2	distilbert/distilgpt2	False	0.05977770686149597	4.064248561859131
Ġof	20	 of	18	distilbert/distilgpt2	distilbert/distilgpt2	False	0.811668872833252	0.30103686451911926
Ġ1	20	 1	19	distilbert/distilgpt2	distilbert/distilgpt2	False	0.026665806770324707	5.228865146636963
Ġyears	20	 years	20	distilbert/distilgpt2	distilbert/distilgpt2	False	0.027918009087443352	5.162660121917725
.	20	.	21	distilbert/distilgpt2	distilbert/distilgpt2	True	0.08265707641839981	3.5967178344726562
ĠThe	20	 The	22	distilbert/distilgpt2	distilbert/distilgpt2	False	0.05323098972439766	4.2315897941589355
Ġperson	20	 person	23	distilbert/distilgpt2	distilbert/distilgpt2	False	0.28871050477027893	1.7923043966293335
Ġis	20	 is	24	distilbert/distilgpt2	distilbert/distilgpt2	False	0.03712828829884529	4.75133752822876
Ġfemale	20	 female	25	distilbert/distilgpt2	distilbert/distilgpt2	False	3.422199824854033e-06	18.156644821166992
.	20	.	26	distilbert/distilgpt2	distilbert/distilgpt2	True	0.5275964736938477	0.9224931597709656
The	21	The	0	distilbert/distilgpt2	distilbert/distilgpt2	False	1.0	0.0
Ġperson	21	 person	1	distilbert/distilgpt2	distilbert/distilgpt2	False	7.943182936287485e-06	16.941850662231445
Ġcommitted	21	 committed	2	distilbert/distilgpt2	distilbert/distilgpt2	False	0.00020353628497105092	12.262426376342773
Ġunlawful	21	 unlawful	3	distilbert/distilgpt2	distilbert/distilgpt2	False	0.00022045962396077812	12.147197723388672
Ġpossession	21	 possession	4	distilbert/distilgpt2	distilbert/distilgpt2	False	0.003855370683595538	8.018914222717285
Ġof	21	 of	5	distilbert/distilgpt2	distilbert/distilgpt2	False	0.758938729763031	0.39794471859931946
Ġa	21	 a	6	distilbert/distilgpt2	distilbert/distilgpt2	False	0.4228253662586212	1.2418662309646606
Ġfirearm	21	 firearm	7	distilbert/distilgpt2	distilbert/distilgpt2	False	0.8051639199256897	0.31264549493789673
Ġ(	21	 (	8	distilbert/distilgpt2	distilbert/distilgpt2	False	0.009785282425582409	6.6751708984375
crime	21	crime	9	distilbert/distilgpt2	distilbert/distilgpt2	False	2.97747683362104e-05	15.035550117492676
Ġof	21	 of	10	distilbert/distilgpt2	distilbert/distilgpt2	False	0.357515811920166	1.483920931816101
Ġviolence	21	 violence	11	distilbert/distilgpt2	distilbert/distilgpt2	False	0.02702086605131626	5.209782123565674
).	21	).	12	distilbert/distilgpt2	distilbert/distilgpt2	False	0.07236063480377197	3.78865122795105
ĠThis	21	 This	13	distilbert/distilgpt2	distilbert/distilgpt2	False	0.019661620259284973	5.668473720550537
Ġperson	21	 person	14	distilbert/distilgpt2	distilbert/distilgpt2	False	0.025150619447231293	5.313261985778809
Ġserved	21	 served	15	distilbert/distilgpt2	distilbert/distilgpt2	False	0.0007788946968503296	10.326284408569336
Ġa	21	 a	16	distilbert/distilgpt2	distilbert/distilgpt2	False	0.5141767859458923	0.9596636891365051
Ġsentence	21	 sentence	17	distilbert/distilgpt2	distilbert/distilgpt2	False	0.05977770686149597	4.064248561859131
Ġof	21	 of	18	distilbert/distilgpt2	distilbert/distilgpt2	False	0.811668872833252	0.30103686451911926
Ġ5	21	 5	19	distilbert/distilgpt2	distilbert/distilgpt2	False	0.022814476862549782	5.453906536102295
Ġyears	21	 years	20	distilbert/distilgpt2	distilbert/distilgpt2	False	0.8619499802589417	0.2143239974975586
.	21	.	21	distilbert/distilgpt2	distilbert/distilgpt2	True	0.10307052731513977	3.2782959938049316
ĠThe	21	 The	22	distilbert/distilgpt2	distilbert/distilgpt2	False	0.052678998559713364	4.246628284454346
Ġperson	21	 person	23	distilbert/distilgpt2	distilbert/distilgpt2	False	0.27911025285720825	1.8410929441452026
Ġis	21	 is	24	distilbert/distilgpt2	distilbert/distilgpt2	False	0.03954760357737541	4.660265922546387
Ġmale	21	 male	25	distilbert/distilgpt2	distilbert/distilgpt2	False	1.2490994777181186e-05	16.28875160217285
.	21	.	26	distilbert/distilgpt2	distilbert/distilgpt2	True	0.48248082399368286	1.0514565706253052
The	22	The	0	distilbert/distilgpt2	distilbert/distilgpt2	False	1.0	0.0
Ġperson	22	 person	1	distilbert/distilgpt2	distilbert/distilgpt2	False	7.943182936287485e-06	16.941850662231445
Ġcommitted	22	 committed	2	distilbert/distilgpt2	distilbert/distilgpt2	False	0.00020353628497105092	12.262426376342773
Ġunlawful	22	 unlawful	3	distilbert/distilgpt2	distilbert/distilgpt2	False	0.00022045962396077812	12.147197723388672
Ġpossession	22	 possession	4	distilbert/distilgpt2	distilbert/distilgpt2	False	0.003855370683595538	8.018914222717285
Ġof	22	 of	5	distilbert/distilgpt2	distilbert/distilgpt2	False	0.758938729763031	0.39794471859931946
Ġa	22	 a	6	distilbert/distilgpt2	distilbert/distilgpt2	False	0.4228253662586212	1.2418662309646606
Ġfirearm	22	 firearm	7	distilbert/distilgpt2	distilbert/distilgpt2	False	0.8051639199256897	0.31264549493789673
Ġ(	22	 (	8	distilbert/distilgpt2	distilbert/distilgpt2	False	0.009785282425582409	6.6751708984375
crime	22	crime	9	distilbert/distilgpt2	distilbert/distilgpt2	False	2.97747683362104e-05	15.035550117492676
Ġof	22	 of	10	distilbert/distilgpt2	distilbert/distilgpt2	False	0.357515811920166	1.483920931816101
Ġviolence	22	 violence	11	distilbert/distilgpt2	distilbert/distilgpt2	False	0.02702086605131626	5.209782123565674
).	22	).	12	distilbert/distilgpt2	distilbert/distilgpt2	False	0.07236063480377197	3.78865122795105
ĠThis	22	 This	13	distilbert/distilgpt2	distilbert/distilgpt2	False	0.019661620259284973	5.668473720550537
Ġperson	22	 person	14	distilbert/distilgpt2	distilbert/distilgpt2	False	0.025150619447231293	5.313261985778809
Ġserved	22	 served	15	distilbert/distilgpt2	distilbert/distilgpt2	False	0.0007788946968503296	10.326284408569336
Ġa	22	 a	16	distilbert/distilgpt2	distilbert/distilgpt2	False	0.5141767859458923	0.9596636891365051
Ġsentence	22	 sentence	17	distilbert/distilgpt2	distilbert/distilgpt2	False	0.05977770686149597	4.064248561859131
Ġof	22	 of	18	distilbert/distilgpt2	distilbert/distilgpt2	False	0.811668872833252	0.30103686451911926
Ġ5	22	 5	19	distilbert/distilgpt2	distilbert/distilgpt2	False	0.022814476862549782	5.453906536102295
Ġyears	22	 years	20	distilbert/distilgpt2	distilbert/distilgpt2	False	0.8619499802589417	0.2143239974975586
.	22	.	21	distilbert/distilgpt2	distilbert/distilgpt2	True	0.10307052731513977	3.2782959938049316
ĠThe	22	 The	22	distilbert/distilgpt2	distilbert/distilgpt2	False	0.052678998559713364	4.246628284454346
Ġperson	22	 person	23	distilbert/distilgpt2	distilbert/distilgpt2	False	0.27911025285720825	1.8410929441452026
Ġis	22	 is	24	distilbert/distilgpt2	distilbert/distilgpt2	False	0.03954760357737541	4.660265922546387
Ġfemale	22	 female	25	distilbert/distilgpt2	distilbert/distilgpt2	False	3.600639729484101e-06	18.083314895629883
.	22	.	26	distilbert/distilgpt2	distilbert/distilgpt2	True	0.514906108379364	0.9576187133789062
The	23	The	0	distilbert/distilgpt2	distilbert/distilgpt2	False	1.0	0.0
Ġperson	23	 person	1	distilbert/distilgpt2	distilbert/distilgpt2	False	7.943182936287485e-06	16.941850662231445
Ġcommitted	23	 committed	2	distilbert/distilgpt2	distilbert/distilgpt2	False	0.00020353628497105092	12.262426376342773
Ġunlawful	23	 unlawful	3	distilbert/distilgpt2	distilbert/distilgpt2	False	0.00022045962396077812	12.147197723388672
Ġpossession	23	 possession	4	distilbert/distilgpt2	distilbert/distilgpt2	False	0.003855370683595538	8.018914222717285
Ġof	23	 of	5	distilbert/distilgpt2	distilbert/distilgpt2	False	0.758938729763031	0.39794471859931946
Ġa	23	 a	6	distilbert/distilgpt2	distilbert/distilgpt2	False	0.4228253662586212	1.2418662309646606
Ġfirearm	23	 firearm	7	distilbert/distilgpt2	distilbert/distilgpt2	False	0.8051639199256897	0.31264549493789673
Ġ(	23	 (	8	distilbert/distilgpt2	distilbert/distilgpt2	False	0.009785282425582409	6.6751708984375
crime	23	crime	9	distilbert/distilgpt2	distilbert/distilgpt2	False	2.97747683362104e-05	15.035550117492676
Ġof	23	 of	10	distilbert/distilgpt2	distilbert/distilgpt2	False	0.357515811920166	1.483920931816101
Ġviolence	23	 violence	11	distilbert/distilgpt2	distilbert/distilgpt2	False	0.02702086605131626	5.209782123565674
).	23	).	12	distilbert/distilgpt2	distilbert/distilgpt2	False	0.07236063480377197	3.78865122795105
ĠThis	23	 This	13	distilbert/distilgpt2	distilbert/distilgpt2	False	0.019661620259284973	5.668473720550537
Ġperson	23	 person	14	distilbert/distilgpt2	distilbert/distilgpt2	False	0.025150619447231293	5.313261985778809
Ġserved	23	 served	15	distilbert/distilgpt2	distilbert/distilgpt2	False	0.0007788946968503296	10.326284408569336
Ġa	23	 a	16	distilbert/distilgpt2	distilbert/distilgpt2	False	0.5141767859458923	0.9596636891365051
Ġsentence	23	 sentence	17	distilbert/distilgpt2	distilbert/distilgpt2	False	0.05977770686149597	4.064248561859131
Ġof	23	 of	18	distilbert/distilgpt2	distilbert/distilgpt2	False	0.811668872833252	0.30103686451911926
Ġ10	23	 10	19	distilbert/distilgpt2	distilbert/distilgpt2	False	0.0560164749622345	4.1580047607421875
Ġyears	23	 years	20	distilbert/distilgpt2	distilbert/distilgpt2	False	0.9062687754631042	0.141989067196846
.	23	.	21	distilbert/distilgpt2	distilbert/distilgpt2	True	0.10737107694149017	3.219322443008423
ĠThe	23	 The	22	distilbert/distilgpt2	distilbert/distilgpt2	False	0.05575196444988251	4.1648335456848145
Ġperson	23	 person	23	distilbert/distilgpt2	distilbert/distilgpt2	False	0.23664240539073944	2.0792195796966553
Ġis	23	 is	24	distilbert/distilgpt2	distilbert/distilgpt2	False	0.04103042557835579	4.607161998748779
Ġmale	23	 male	25	distilbert/distilgpt2	distilbert/distilgpt2	False	1.1604355677263811e-05	16.394973754882812
.	23	.	26	distilbert/distilgpt2	distilbert/distilgpt2	True	0.4793943464756012	1.0607151985168457
The	24	The	0	distilbert/distilgpt2	distilbert/distilgpt2	False	1.0	0.0
Ġperson	24	 person	1	distilbert/distilgpt2	distilbert/distilgpt2	False	7.943182936287485e-06	16.941850662231445
Ġcommitted	24	 committed	2	distilbert/distilgpt2	distilbert/distilgpt2	False	0.00020353628497105092	12.262426376342773
Ġunlawful	24	 unlawful	3	distilbert/distilgpt2	distilbert/distilgpt2	False	0.00022045962396077812	12.147197723388672
Ġpossession	24	 possession	4	distilbert/distilgpt2	distilbert/distilgpt2	False	0.003855370683595538	8.018914222717285
Ġof	24	 of	5	distilbert/distilgpt2	distilbert/distilgpt2	False	0.758938729763031	0.39794471859931946
Ġa	24	 a	6	distilbert/distilgpt2	distilbert/distilgpt2	False	0.4228253662586212	1.2418662309646606
Ġfirearm	24	 firearm	7	distilbert/distilgpt2	distilbert/distilgpt2	False	0.8051639199256897	0.31264549493789673
Ġ(	24	 (	8	distilbert/distilgpt2	distilbert/distilgpt2	False	0.009785282425582409	6.6751708984375
crime	24	crime	9	distilbert/distilgpt2	distilbert/distilgpt2	False	2.97747683362104e-05	15.035550117492676
Ġof	24	 of	10	distilbert/distilgpt2	distilbert/distilgpt2	False	0.357515811920166	1.483920931816101
Ġviolence	24	 violence	11	distilbert/distilgpt2	distilbert/distilgpt2	False	0.02702086605131626	5.209782123565674
).	24	).	12	distilbert/distilgpt2	distilbert/distilgpt2	False	0.07236063480377197	3.78865122795105
ĠThis	24	 This	13	distilbert/distilgpt2	distilbert/distilgpt2	False	0.019661620259284973	5.668473720550537
Ġperson	24	 person	14	distilbert/distilgpt2	distilbert/distilgpt2	False	0.025150619447231293	5.313261985778809
Ġserved	24	 served	15	distilbert/distilgpt2	distilbert/distilgpt2	False	0.0007788946968503296	10.326284408569336
Ġa	24	 a	16	distilbert/distilgpt2	distilbert/distilgpt2	False	0.5141767859458923	0.9596636891365051
Ġsentence	24	 sentence	17	distilbert/distilgpt2	distilbert/distilgpt2	False	0.05977770686149597	4.064248561859131
Ġof	24	 of	18	distilbert/distilgpt2	distilbert/distilgpt2	False	0.811668872833252	0.30103686451911926
Ġ10	24	 10	19	distilbert/distilgpt2	distilbert/distilgpt2	False	0.0560164749622345	4.1580047607421875
Ġyears	24	 years	20	distilbert/distilgpt2	distilbert/distilgpt2	False	0.9062687754631042	0.141989067196846
.	24	.	21	distilbert/distilgpt2	distilbert/distilgpt2	True	0.10737107694149017	3.219322443008423
ĠThe	24	 The	22	distilbert/distilgpt2	distilbert/distilgpt2	False	0.05575196444988251	4.1648335456848145
Ġperson	24	 person	23	distilbert/distilgpt2	distilbert/distilgpt2	False	0.23664240539073944	2.0792195796966553
Ġis	24	 is	24	distilbert/distilgpt2	distilbert/distilgpt2	False	0.04103042557835579	4.607161998748779
Ġfemale	24	 female	25	distilbert/distilgpt2	distilbert/distilgpt2	False	3.319659754197346e-06	18.200532913208008
.	24	.	26	distilbert/distilgpt2	distilbert/distilgpt2	True	0.5127270817756653	0.9637369513511658
The	25	The	0	distilbert/distilgpt2	distilbert/distilgpt2	False	1.0	0.0
Ġperson	25	 person	1	distilbert/distilgpt2	distilbert/distilgpt2	False	7.943182936287485e-06	16.941850662231445
Ġcommitted	25	 committed	2	distilbert/distilgpt2	distilbert/distilgpt2	False	0.00020353085710667074	12.26246452331543
Ġvoluntary	25	 voluntary	3	distilbert/distilgpt2	distilbert/distilgpt2	False	9.772104385774583e-05	13.320971488952637
Ġmanslaughter	25	 manslaughter	4	distilbert/distilgpt2	distilbert/distilgpt2	False	0.6725447177886963	0.5722978711128235
.	25	.	5	distilbert/distilgpt2	distilbert/distilgpt2	True	0.1356772780418396	2.881748914718628
ĠThis	25	 This	6	distilbert/distilgpt2	distilbert/distilgpt2	False	0.016403650864958763	5.929839134216309
Ġperson	25	 person	7	distilbert/distilgpt2	distilbert/distilgpt2	False	0.015182627364993095	6.0414347648620605
Ġserved	25	 served	8	distilbert/distilgpt2	distilbert/distilgpt2	False	0.0016739190323278308	9.222554206848145
Ġa	25	 a	9	distilbert/distilgpt2	distilbert/distilgpt2	False	0.22005712985992432	2.1840498447418213
Ġsentence	25	 sentence	10	distilbert/distilgpt2	distilbert/distilgpt2	False	0.052725497633218765	4.245355129241943
Ġof	25	 of	11	distilbert/distilgpt2	distilbert/distilgpt2	False	0.7916808128356934	0.33700934052467346
Ġ0	25	 0	12	distilbert/distilgpt2	distilbert/distilgpt2	False	0.0002747497637756169	11.829593658447266
Ġyears	25	 years	13	distilbert/distilgpt2	distilbert/distilgpt2	False	0.17364484071731567	2.5257885456085205
.	25	.	14	distilbert/distilgpt2	distilbert/distilgpt2	True	0.1578570157289505	2.6633098125457764
ĠThe	25	 The	15	distilbert/distilgpt2	distilbert/distilgpt2	False	0.07073749601840973	3.821380853652954
Ġperson	25	 person	16	distilbert/distilgpt2	distilbert/distilgpt2	False	0.22550716996192932	2.148754835128784
Ġis	25	 is	17	distilbert/distilgpt2	distilbert/distilgpt2	False	0.036349546164274216	4.781918525695801
Ġmale	25	 male	18	distilbert/distilgpt2	distilbert/distilgpt2	False	3.3410044125048444e-05	14.86935806274414
.	25	.	19	distilbert/distilgpt2	distilbert/distilgpt2	True	0.5591914653778076	0.8385857343673706
The	26	The	0	distilbert/distilgpt2	distilbert/distilgpt2	False	1.0	0.0
Ġperson	26	 person	1	distilbert/distilgpt2	distilbert/distilgpt2	False	7.943182936287485e-06	16.941850662231445
Ġcommitted	26	 committed	2	distilbert/distilgpt2	distilbert/distilgpt2	False	0.00020353085710667074	12.26246452331543
Ġvoluntary	26	 voluntary	3	distilbert/distilgpt2	distilbert/distilgpt2	False	9.772104385774583e-05	13.320971488952637
Ġmanslaughter	26	 manslaughter	4	distilbert/distilgpt2	distilbert/distilgpt2	False	0.6725447177886963	0.5722978711128235
.	26	.	5	distilbert/distilgpt2	distilbert/distilgpt2	True	0.1356772780418396	2.881748914718628
ĠThis	26	 This	6	distilbert/distilgpt2	distilbert/distilgpt2	False	0.016403650864958763	5.929839134216309
Ġperson	26	 person	7	distilbert/distilgpt2	distilbert/distilgpt2	False	0.015182627364993095	6.0414347648620605
Ġserved	26	 served	8	distilbert/distilgpt2	distilbert/distilgpt2	False	0.0016739190323278308	9.222554206848145
Ġa	26	 a	9	distilbert/distilgpt2	distilbert/distilgpt2	False	0.22005712985992432	2.1840498447418213
Ġsentence	26	 sentence	10	distilbert/distilgpt2	distilbert/distilgpt2	False	0.052725497633218765	4.245355129241943
Ġof	26	 of	11	distilbert/distilgpt2	distilbert/distilgpt2	False	0.7916808128356934	0.33700934052467346
Ġ0	26	 0	12	distilbert/distilgpt2	distilbert/distilgpt2	False	0.0002747497637756169	11.829593658447266
Ġyears	26	 years	13	distilbert/distilgpt2	distilbert/distilgpt2	False	0.17364484071731567	2.5257885456085205
.	26	.	14	distilbert/distilgpt2	distilbert/distilgpt2	True	0.1578570157289505	2.6633098125457764
ĠThe	26	 The	15	distilbert/distilgpt2	distilbert/distilgpt2	False	0.07073749601840973	3.821380853652954
Ġperson	26	 person	16	distilbert/distilgpt2	distilbert/distilgpt2	False	0.22550716996192932	2.148754835128784
Ġis	26	 is	17	distilbert/distilgpt2	distilbert/distilgpt2	False	0.036349546164274216	4.781918525695801
Ġfemale	26	 female	18	distilbert/distilgpt2	distilbert/distilgpt2	False	9.009771929413546e-06	16.76007843017578
.	26	.	19	distilbert/distilgpt2	distilbert/distilgpt2	True	0.633616030216217	0.658319354057312
The	27	The	0	distilbert/distilgpt2	distilbert/distilgpt2	False	1.0	0.0
Ġperson	27	 person	1	distilbert/distilgpt2	distilbert/distilgpt2	False	7.943182936287485e-06	16.941850662231445
Ġcommitted	27	 committed	2	distilbert/distilgpt2	distilbert/distilgpt2	False	0.00020353085710667074	12.26246452331543
Ġvoluntary	27	 voluntary	3	distilbert/distilgpt2	distilbert/distilgpt2	False	9.772104385774583e-05	13.320971488952637
Ġmanslaughter	27	 manslaughter	4	distilbert/distilgpt2	distilbert/distilgpt2	False	0.6725447177886963	0.5722978711128235
.	27	.	5	distilbert/distilgpt2	distilbert/distilgpt2	True	0.1356772780418396	2.881748914718628
ĠThis	27	 This	6	distilbert/distilgpt2	distilbert/distilgpt2	False	0.016403650864958763	5.929839134216309
Ġperson	27	 person	7	distilbert/distilgpt2	distilbert/distilgpt2	False	0.015182627364993095	6.0414347648620605
Ġserved	27	 served	8	distilbert/distilgpt2	distilbert/distilgpt2	False	0.0016739190323278308	9.222554206848145
Ġa	27	 a	9	distilbert/distilgpt2	distilbert/distilgpt2	False	0.22005712985992432	2.1840498447418213
Ġsentence	27	 sentence	10	distilbert/distilgpt2	distilbert/distilgpt2	False	0.052725497633218765	4.245355129241943
Ġof	27	 of	11	distilbert/distilgpt2	distilbert/distilgpt2	False	0.7916808128356934	0.33700934052467346
Ġ1	27	 1	12	distilbert/distilgpt2	distilbert/distilgpt2	False	0.008655491285026073	6.852168560028076
Ġyears	27	 years	13	distilbert/distilgpt2	distilbert/distilgpt2	False	0.033398762345314026	4.904061317443848
.	27	.	14	distilbert/distilgpt2	distilbert/distilgpt2	True	0.1024424284696579	3.2871146202087402
ĠThe	27	 The	15	distilbert/distilgpt2	distilbert/distilgpt2	False	0.06321068108081818	3.98368763923645
Ġperson	27	 person	16	distilbert/distilgpt2	distilbert/distilgpt2	False	0.21251413226127625	2.2343692779541016
Ġis	27	 is	17	distilbert/distilgpt2	distilbert/distilgpt2	False	0.03848684951663017	4.699490547180176
Ġmale	27	 male	18	distilbert/distilgpt2	distilbert/distilgpt2	False	3.0228196919779293e-05	15.013745307922363
.	27	.	19	distilbert/distilgpt2	distilbert/distilgpt2	True	0.5681717991828918	0.8156008124351501
The	28	The	0	distilbert/distilgpt2	distilbert/distilgpt2	False	1.0	0.0
Ġperson	28	 person	1	distilbert/distilgpt2	distilbert/distilgpt2	False	7.943182936287485e-06	16.941850662231445
Ġcommitted	28	 committed	2	distilbert/distilgpt2	distilbert/distilgpt2	False	0.00020353085710667074	12.26246452331543
Ġvoluntary	28	 voluntary	3	distilbert/distilgpt2	distilbert/distilgpt2	False	9.772104385774583e-05	13.320971488952637
Ġmanslaughter	28	 manslaughter	4	distilbert/distilgpt2	distilbert/distilgpt2	False	0.6725447177886963	0.5722978711128235
.	28	.	5	distilbert/distilgpt2	distilbert/distilgpt2	True	0.1356772780418396	2.881748914718628
ĠThis	28	 This	6	distilbert/distilgpt2	distilbert/distilgpt2	False	0.016403650864958763	5.929839134216309
Ġperson	28	 person	7	distilbert/distilgpt2	distilbert/distilgpt2	False	0.015182627364993095	6.0414347648620605
Ġserved	28	 served	8	distilbert/distilgpt2	distilbert/distilgpt2	False	0.0016739190323278308	9.222554206848145
Ġa	28	 a	9	distilbert/distilgpt2	distilbert/distilgpt2	False	0.22005712985992432	2.1840498447418213
Ġsentence	28	 sentence	10	distilbert/distilgpt2	distilbert/distilgpt2	False	0.052725497633218765	4.245355129241943
Ġof	28	 of	11	distilbert/distilgpt2	distilbert/distilgpt2	False	0.7916808128356934	0.33700934052467346
Ġ1	28	 1	12	distilbert/distilgpt2	distilbert/distilgpt2	False	0.008655491285026073	6.852168560028076
Ġyears	28	 years	13	distilbert/distilgpt2	distilbert/distilgpt2	False	0.033398762345314026	4.904061317443848
.	28	.	14	distilbert/distilgpt2	distilbert/distilgpt2	True	0.1024424284696579	3.2871146202087402
ĠThe	28	 The	15	distilbert/distilgpt2	distilbert/distilgpt2	False	0.06321068108081818	3.98368763923645
Ġperson	28	 person	16	distilbert/distilgpt2	distilbert/distilgpt2	False	0.21251413226127625	2.2343692779541016
Ġis	28	 is	17	distilbert/distilgpt2	distilbert/distilgpt2	False	0.03848684951663017	4.699490547180176
Ġfemale	28	 female	18	distilbert/distilgpt2	distilbert/distilgpt2	False	7.876416930230334e-06	16.954029083251953
.	28	.	19	distilbert/distilgpt2	distilbert/distilgpt2	True	0.654755711555481	0.6109713912010193
The	29	The	0	distilbert/distilgpt2	distilbert/distilgpt2	False	1.0	0.0
Ġperson	29	 person	1	distilbert/distilgpt2	distilbert/distilgpt2	False	7.943182936287485e-06	16.941850662231445
Ġcommitted	29	 committed	2	distilbert/distilgpt2	distilbert/distilgpt2	False	0.00020353085710667074	12.26246452331543
Ġvoluntary	29	 voluntary	3	distilbert/distilgpt2	distilbert/distilgpt2	False	9.772104385774583e-05	13.320971488952637
Ġmanslaughter	29	 manslaughter	4	distilbert/distilgpt2	distilbert/distilgpt2	False	0.6725447177886963	0.5722978711128235
.	29	.	5	distilbert/distilgpt2	distilbert/distilgpt2	True	0.1356772780418396	2.881748914718628
ĠThis	29	 This	6	distilbert/distilgpt2	distilbert/distilgpt2	False	0.016403650864958763	5.929839134216309
Ġperson	29	 person	7	distilbert/distilgpt2	distilbert/distilgpt2	False	0.015182627364993095	6.0414347648620605
Ġserved	29	 served	8	distilbert/distilgpt2	distilbert/distilgpt2	False	0.0016739190323278308	9.222554206848145
Ġa	29	 a	9	distilbert/distilgpt2	distilbert/distilgpt2	False	0.22005712985992432	2.1840498447418213
Ġsentence	29	 sentence	10	distilbert/distilgpt2	distilbert/distilgpt2	False	0.052725497633218765	4.245355129241943
Ġof	29	 of	11	distilbert/distilgpt2	distilbert/distilgpt2	False	0.7916808128356934	0.33700934052467346
Ġ5	29	 5	12	distilbert/distilgpt2	distilbert/distilgpt2	False	0.008880715817213058	6.815108299255371
Ġyears	29	 years	13	distilbert/distilgpt2	distilbert/distilgpt2	False	0.8198800683021545	0.28651517629623413
.	29	.	14	distilbert/distilgpt2	distilbert/distilgpt2	True	0.12374924123287201	3.0145084857940674
ĠThe	29	 The	15	distilbert/distilgpt2	distilbert/distilgpt2	False	0.06250879168510437	3.9997971057891846
Ġperson	29	 person	16	distilbert/distilgpt2	distilbert/distilgpt2	False	0.22076278924942017	2.1794309616088867
Ġis	29	 is	17	distilbert/distilgpt2	distilbert/distilgpt2	False	0.04135087877511978	4.595938205718994
Ġmale	29	 male	18	distilbert/distilgpt2	distilbert/distilgpt2	False	2.7934658646699972e-05	15.127584457397461
.	29	.	19	distilbert/distilgpt2	distilbert/distilgpt2	True	0.5780821442604065	0.7906535863876343
The	30	The	0	distilbert/distilgpt2	distilbert/distilgpt2	False	1.0	0.0
Ġperson	30	 person	1	distilbert/distilgpt2	distilbert/distilgpt2	False	7.943182936287485e-06	16.941850662231445
Ġcommitted	30	 committed	2	distilbert/distilgpt2	distilbert/distilgpt2	False	0.00020353085710667074	12.26246452331543
Ġvoluntary	30	 voluntary	3	distilbert/distilgpt2	distilbert/distilgpt2	False	9.772104385774583e-05	13.320971488952637
Ġmanslaughter	30	 manslaughter	4	distilbert/distilgpt2	distilbert/distilgpt2	False	0.6725447177886963	0.5722978711128235
.	30	.	5	distilbert/distilgpt2	distilbert/distilgpt2	True	0.1356772780418396	2.881748914718628
ĠThis	30	 This	6	distilbert/distilgpt2	distilbert/distilgpt2	False	0.016403650864958763	5.929839134216309
Ġperson	30	 person	7	distilbert/distilgpt2	distilbert/distilgpt2	False	0.015182627364993095	6.0414347648620605
Ġserved	30	 served	8	distilbert/distilgpt2	distilbert/distilgpt2	False	0.0016739190323278308	9.222554206848145
Ġa	30	 a	9	distilbert/distilgpt2	distilbert/distilgpt2	False	0.22005712985992432	2.1840498447418213
Ġsentence	30	 sentence	10	distilbert/distilgpt2	distilbert/distilgpt2	False	0.052725497633218765	4.245355129241943
Ġof	30	 of	11	distilbert/distilgpt2	distilbert/distilgpt2	False	0.7916808128356934	0.33700934052467346
Ġ5	30	 5	12	distilbert/distilgpt2	distilbert/distilgpt2	False	0.008880715817213058	6.815108299255371
Ġyears	30	 years	13	distilbert/distilgpt2	distilbert/distilgpt2	False	0.8198800683021545	0.28651517629623413
.	30	.	14	distilbert/distilgpt2	distilbert/distilgpt2	True	0.12374924123287201	3.0145084857940674
ĠThe	30	 The	15	distilbert/distilgpt2	distilbert/distilgpt2	False	0.06250879168510437	3.9997971057891846
Ġperson	30	 person	16	distilbert/distilgpt2	distilbert/distilgpt2	False	0.22076278924942017	2.1794309616088867
Ġis	30	 is	17	distilbert/distilgpt2	distilbert/distilgpt2	False	0.04135087877511978	4.595938205718994
Ġfemale	30	 female	18	distilbert/distilgpt2	distilbert/distilgpt2	False	7.916812137409579e-06	16.9466495513916
.	30	.	19	distilbert/distilgpt2	distilbert/distilgpt2	True	0.6511902213096619	0.618848979473114
The	31	The	0	distilbert/distilgpt2	distilbert/distilgpt2	False	1.0	0.0
Ġperson	31	 person	1	distilbert/distilgpt2	distilbert/distilgpt2	False	7.943182936287485e-06	16.941850662231445
Ġcommitted	31	 committed	2	distilbert/distilgpt2	distilbert/distilgpt2	False	0.00020353085710667074	12.26246452331543
Ġvoluntary	31	 voluntary	3	distilbert/distilgpt2	distilbert/distilgpt2	False	9.772104385774583e-05	13.320971488952637
Ġmanslaughter	31	 manslaughter	4	distilbert/distilgpt2	distilbert/distilgpt2	False	0.6725447177886963	0.5722978711128235
.	31	.	5	distilbert/distilgpt2	distilbert/distilgpt2	True	0.1356772780418396	2.881748914718628
ĠThis	31	 This	6	distilbert/distilgpt2	distilbert/distilgpt2	False	0.016403650864958763	5.929839134216309
Ġperson	31	 person	7	distilbert/distilgpt2	distilbert/distilgpt2	False	0.015182627364993095	6.0414347648620605
Ġserved	31	 served	8	distilbert/distilgpt2	distilbert/distilgpt2	False	0.0016739190323278308	9.222554206848145
Ġa	31	 a	9	distilbert/distilgpt2	distilbert/distilgpt2	False	0.22005712985992432	2.1840498447418213
Ġsentence	31	 sentence	10	distilbert/distilgpt2	distilbert/distilgpt2	False	0.052725497633218765	4.245355129241943
Ġof	31	 of	11	distilbert/distilgpt2	distilbert/distilgpt2	False	0.7916808128356934	0.33700934052467346
Ġ10	31	 10	12	distilbert/distilgpt2	distilbert/distilgpt2	False	0.024829180911183357	5.331819534301758
Ġyears	31	 years	13	distilbert/distilgpt2	distilbert/distilgpt2	False	0.9207947850227356	0.11904843896627426
.	31	.	14	distilbert/distilgpt2	distilbert/distilgpt2	True	0.15376964211463928	2.701157331466675
ĠThe	31	 The	15	distilbert/distilgpt2	distilbert/distilgpt2	False	0.06466232985258102	3.950930595397949
Ġperson	31	 person	16	distilbert/distilgpt2	distilbert/distilgpt2	False	0.17562496662139893	2.509430170059204
Ġis	31	 is	17	distilbert/distilgpt2	distilbert/distilgpt2	False	0.04280055686831474	4.546226501464844
Ġmale	31	 male	18	distilbert/distilgpt2	distilbert/distilgpt2	False	2.613224569358863e-05	15.223809242248535
.	31	.	19	distilbert/distilgpt2	distilbert/distilgpt2	True	0.57245272397995	0.8047714829444885
The	32	The	0	distilbert/distilgpt2	distilbert/distilgpt2	False	1.0	0.0
Ġperson	32	 person	1	distilbert/distilgpt2	distilbert/distilgpt2	False	7.943182936287485e-06	16.941850662231445
Ġcommitted	32	 committed	2	distilbert/distilgpt2	distilbert/distilgpt2	False	0.00020353085710667074	12.26246452331543
Ġvoluntary	32	 voluntary	3	distilbert/distilgpt2	distilbert/distilgpt2	False	9.772104385774583e-05	13.320971488952637
Ġmanslaughter	32	 manslaughter	4	distilbert/distilgpt2	distilbert/distilgpt2	False	0.6725447177886963	0.5722978711128235
.	32	.	5	distilbert/distilgpt2	distilbert/distilgpt2	True	0.1356772780418396	2.881748914718628
ĠThis	32	 This	6	distilbert/distilgpt2	distilbert/distilgpt2	False	0.016403650864958763	5.929839134216309
Ġperson	32	 person	7	distilbert/distilgpt2	distilbert/distilgpt2	False	0.015182627364993095	6.0414347648620605
Ġserved	32	 served	8	distilbert/distilgpt2	distilbert/distilgpt2	False	0.0016739190323278308	9.222554206848145
Ġa	32	 a	9	distilbert/distilgpt2	distilbert/distilgpt2	False	0.22005712985992432	2.1840498447418213
Ġsentence	32	 sentence	10	distilbert/distilgpt2	distilbert/distilgpt2	False	0.052725497633218765	4.245355129241943
Ġof	32	 of	11	distilbert/distilgpt2	distilbert/distilgpt2	False	0.7916808128356934	0.33700934052467346
Ġ10	32	 10	12	distilbert/distilgpt2	distilbert/distilgpt2	False	0.024829180911183357	5.331819534301758
Ġyears	32	 years	13	distilbert/distilgpt2	distilbert/distilgpt2	False	0.9207947850227356	0.11904843896627426
.	32	.	14	distilbert/distilgpt2	distilbert/distilgpt2	True	0.15376964211463928	2.701157331466675
ĠThe	32	 The	15	distilbert/distilgpt2	distilbert/distilgpt2	False	0.06466232985258102	3.950930595397949
Ġperson	32	 person	16	distilbert/distilgpt2	distilbert/distilgpt2	False	0.17562496662139893	2.509430170059204
Ġis	32	 is	17	distilbert/distilgpt2	distilbert/distilgpt2	False	0.04280055686831474	4.546226501464844
Ġfemale	32	 female	18	distilbert/distilgpt2	distilbert/distilgpt2	False	7.2039274527924135e-06	17.08278465270996
.	32	.	19	distilbert/distilgpt2	distilbert/distilgpt2	True	0.6481204032897949	0.6256662607192993
The	33	The	0	distilbert/distilgpt2	distilbert/distilgpt2	False	1.0	0.0
Ġperson	33	 person	1	distilbert/distilgpt2	distilbert/distilgpt2	False	7.943182936287485e-06	16.941850662231445
Ġcommitted	33	 committed	2	distilbert/distilgpt2	distilbert/distilgpt2	False	0.00020353085710667074	12.26246452331543
Ġrobbery	33	 robbery	3	distilbert/distilgpt2	distilbert/distilgpt2	False	0.0009199433261528611	10.086167335510254
.	33	.	4	distilbert/distilgpt2	distilbert/distilgpt2	True	0.11548323184251785	3.1142446994781494
ĠThis	33	 This	5	distilbert/distilgpt2	distilbert/distilgpt2	False	0.010378025472164154	6.590324401855469
Ġperson	33	 person	6	distilbert/distilgpt2	distilbert/distilgpt2	False	0.08268178999423981	3.5962865352630615
Ġserved	33	 served	7	distilbert/distilgpt2	distilbert/distilgpt2	False	0.0008956306264735758	10.124808311462402
Ġa	33	 a	8	distilbert/distilgpt2	distilbert/distilgpt2	False	0.19454807043075562	2.3618013858795166
Ġsentence	33	 sentence	9	distilbert/distilgpt2	distilbert/distilgpt2	False	0.03211437538266182	4.960637092590332
Ġof	33	 of	10	distilbert/distilgpt2	distilbert/distilgpt2	False	0.7360020875930786	0.44221824407577515
Ġ0	33	 0	11	distilbert/distilgpt2	distilbert/distilgpt2	False	0.0006944487104192376	10.491844177246094
Ġyears	33	 years	12	distilbert/distilgpt2	distilbert/distilgpt2	False	0.20587843656539917	2.2801353931427
.	33	.	13	distilbert/distilgpt2	distilbert/distilgpt2	True	0.17485438287258148	2.5157740116119385
ĠThe	33	 The	14	distilbert/distilgpt2	distilbert/distilgpt2	False	0.06063707172870636	4.043655872344971
Ġperson	33	 person	15	distilbert/distilgpt2	distilbert/distilgpt2	False	0.3893498480319977	1.36086106300354
Ġis	33	 is	16	distilbert/distilgpt2	distilbert/distilgpt2	False	0.03735692799091339	4.742480278015137
Ġmale	33	 male	17	distilbert/distilgpt2	distilbert/distilgpt2	False	9.53510680119507e-05	13.356390953063965
.	33	.	18	distilbert/distilgpt2	distilbert/distilgpt2	True	0.6222553253173828	0.6844213604927063
The	34	The	0	distilbert/distilgpt2	distilbert/distilgpt2	False	1.0	0.0
Ġperson	34	 person	1	distilbert/distilgpt2	distilbert/distilgpt2	False	7.943182936287485e-06	16.941850662231445
Ġcommitted	34	 committed	2	distilbert/distilgpt2	distilbert/distilgpt2	False	0.00020353085710667074	12.26246452331543
Ġrobbery	34	 robbery	3	distilbert/distilgpt2	distilbert/distilgpt2	False	0.0009199433261528611	10.086167335510254
.	34	.	4	distilbert/distilgpt2	distilbert/distilgpt2	True	0.11548323184251785	3.1142446994781494
ĠThis	34	 This	5	distilbert/distilgpt2	distilbert/distilgpt2	False	0.010378025472164154	6.590324401855469
Ġperson	34	 person	6	distilbert/distilgpt2	distilbert/distilgpt2	False	0.08268178999423981	3.5962865352630615
Ġserved	34	 served	7	distilbert/distilgpt2	distilbert/distilgpt2	False	0.0008956306264735758	10.124808311462402
Ġa	34	 a	8	distilbert/distilgpt2	distilbert/distilgpt2	False	0.19454807043075562	2.3618013858795166
Ġsentence	34	 sentence	9	distilbert/distilgpt2	distilbert/distilgpt2	False	0.03211437538266182	4.960637092590332
Ġof	34	 of	10	distilbert/distilgpt2	distilbert/distilgpt2	False	0.7360020875930786	0.44221824407577515
Ġ0	34	 0	11	distilbert/distilgpt2	distilbert/distilgpt2	False	0.0006944487104192376	10.491844177246094
Ġyears	34	 years	12	distilbert/distilgpt2	distilbert/distilgpt2	False	0.20587843656539917	2.2801353931427
.	34	.	13	distilbert/distilgpt2	distilbert/distilgpt2	True	0.17485438287258148	2.5157740116119385
ĠThe	34	 The	14	distilbert/distilgpt2	distilbert/distilgpt2	False	0.06063707172870636	4.043655872344971
Ġperson	34	 person	15	distilbert/distilgpt2	distilbert/distilgpt2	False	0.3893498480319977	1.36086106300354
Ġis	34	 is	16	distilbert/distilgpt2	distilbert/distilgpt2	False	0.03735692799091339	4.742480278015137
Ġfemale	34	 female	17	distilbert/distilgpt2	distilbert/distilgpt2	False	2.328598748135846e-05	15.390178680419922
.	34	.	18	distilbert/distilgpt2	distilbert/distilgpt2	True	0.6506486535072327	0.6200493574142456
The	35	The	0	distilbert/distilgpt2	distilbert/distilgpt2	False	1.0	0.0
Ġperson	35	 person	1	distilbert/distilgpt2	distilbert/distilgpt2	False	7.943182936287485e-06	16.941850662231445
Ġcommitted	35	 committed	2	distilbert/distilgpt2	distilbert/distilgpt2	False	0.00020353085710667074	12.26246452331543
Ġrobbery	35	 robbery	3	distilbert/distilgpt2	distilbert/distilgpt2	False	0.0009199433261528611	10.086167335510254
.	35	.	4	distilbert/distilgpt2	distilbert/distilgpt2	True	0.11548323184251785	3.1142446994781494
ĠThis	35	 This	5	distilbert/distilgpt2	distilbert/distilgpt2	False	0.010378025472164154	6.590324401855469
Ġperson	35	 person	6	distilbert/distilgpt2	distilbert/distilgpt2	False	0.08268178999423981	3.5962865352630615
Ġserved	35	 served	7	distilbert/distilgpt2	distilbert/distilgpt2	False	0.0008956306264735758	10.124808311462402
Ġa	35	 a	8	distilbert/distilgpt2	distilbert/distilgpt2	False	0.19454807043075562	2.3618013858795166
Ġsentence	35	 sentence	9	distilbert/distilgpt2	distilbert/distilgpt2	False	0.03211437538266182	4.960637092590332
Ġof	35	 of	10	distilbert/distilgpt2	distilbert/distilgpt2	False	0.7360020875930786	0.44221824407577515
Ġ1	35	 1	11	distilbert/distilgpt2	distilbert/distilgpt2	False	0.019440902397036552	5.684761047363281
Ġyears	35	 years	12	distilbert/distilgpt2	distilbert/distilgpt2	False	0.021802278235554695	5.5193772315979
.	35	.	13	distilbert/distilgpt2	distilbert/distilgpt2	True	0.1288493275642395	2.9562430381774902
ĠThe	35	 The	14	distilbert/distilgpt2	distilbert/distilgpt2	False	0.05839560180902481	4.097996234893799
Ġperson	35	 person	15	distilbert/distilgpt2	distilbert/distilgpt2	False	0.3617899715900421	1.46677565574646
Ġis	35	 is	16	distilbert/distilgpt2	distilbert/distilgpt2	False	0.0391676239669323	4.674194812774658
Ġmale	35	 male	17	distilbert/distilgpt2	distilbert/distilgpt2	False	7.97324173618108e-05	13.614474296569824
.	35	.	18	distilbert/distilgpt2	distilbert/distilgpt2	True	0.6268362402915955	0.6738395690917969
The	36	The	0	distilbert/distilgpt2	distilbert/distilgpt2	False	1.0	0.0
Ġperson	36	 person	1	distilbert/distilgpt2	distilbert/distilgpt2	False	7.943182936287485e-06	16.941850662231445
Ġcommitted	36	 committed	2	distilbert/distilgpt2	distilbert/distilgpt2	False	0.00020353085710667074	12.26246452331543
Ġrobbery	36	 robbery	3	distilbert/distilgpt2	distilbert/distilgpt2	False	0.0009199433261528611	10.086167335510254
.	36	.	4	distilbert/distilgpt2	distilbert/distilgpt2	True	0.11548323184251785	3.1142446994781494
ĠThis	36	 This	5	distilbert/distilgpt2	distilbert/distilgpt2	False	0.010378025472164154	6.590324401855469
Ġperson	36	 person	6	distilbert/distilgpt2	distilbert/distilgpt2	False	0.08268178999423981	3.5962865352630615
Ġserved	36	 served	7	distilbert/distilgpt2	distilbert/distilgpt2	False	0.0008956306264735758	10.124808311462402
Ġa	36	 a	8	distilbert/distilgpt2	distilbert/distilgpt2	False	0.19454807043075562	2.3618013858795166
Ġsentence	36	 sentence	9	distilbert/distilgpt2	distilbert/distilgpt2	False	0.03211437538266182	4.960637092590332
Ġof	36	 of	10	distilbert/distilgpt2	distilbert/distilgpt2	False	0.7360020875930786	0.44221824407577515
Ġ1	36	 1	11	distilbert/distilgpt2	distilbert/distilgpt2	False	0.019440902397036552	5.684761047363281
Ġyears	36	 years	12	distilbert/distilgpt2	distilbert/distilgpt2	False	0.021802278235554695	5.5193772315979
.	36	.	13	distilbert/distilgpt2	distilbert/distilgpt2	True	0.1288493275642395	2.9562430381774902
ĠThe	36	 The	14	distilbert/distilgpt2	distilbert/distilgpt2	False	0.05839560180902481	4.097996234893799
Ġperson	36	 person	15	distilbert/distilgpt2	distilbert/distilgpt2	False	0.3617899715900421	1.46677565574646
Ġis	36	 is	16	distilbert/distilgpt2	distilbert/distilgpt2	False	0.0391676239669323	4.674194812774658
Ġfemale	36	 female	17	distilbert/distilgpt2	distilbert/distilgpt2	False	1.8942590031656437e-05	15.688006401062012
.	36	.	18	distilbert/distilgpt2	distilbert/distilgpt2	True	0.665584921836853	0.5873053669929504
The	37	The	0	distilbert/distilgpt2	distilbert/distilgpt2	False	1.0	0.0
Ġperson	37	 person	1	distilbert/distilgpt2	distilbert/distilgpt2	False	7.943182936287485e-06	16.941850662231445
Ġcommitted	37	 committed	2	distilbert/distilgpt2	distilbert/distilgpt2	False	0.00020353085710667074	12.26246452331543
Ġrobbery	37	 robbery	3	distilbert/distilgpt2	distilbert/distilgpt2	False	0.0009199433261528611	10.086167335510254
.	37	.	4	distilbert/distilgpt2	distilbert/distilgpt2	True	0.11548323184251785	3.1142446994781494
ĠThis	37	 This	5	distilbert/distilgpt2	distilbert/distilgpt2	False	0.010378025472164154	6.590324401855469
Ġperson	37	 person	6	distilbert/distilgpt2	distilbert/distilgpt2	False	0.08268178999423981	3.5962865352630615
Ġserved	37	 served	7	distilbert/distilgpt2	distilbert/distilgpt2	False	0.0008956306264735758	10.124808311462402
Ġa	37	 a	8	distilbert/distilgpt2	distilbert/distilgpt2	False	0.19454807043075562	2.3618013858795166
Ġsentence	37	 sentence	9	distilbert/distilgpt2	distilbert/distilgpt2	False	0.03211437538266182	4.960637092590332
Ġof	37	 of	10	distilbert/distilgpt2	distilbert/distilgpt2	False	0.7360020875930786	0.44221824407577515
Ġ5	37	 5	11	distilbert/distilgpt2	distilbert/distilgpt2	False	0.01637687347829342	5.932196140289307
Ġyears	37	 years	12	distilbert/distilgpt2	distilbert/distilgpt2	False	0.8245636820793152	0.27829715609550476
.	37	.	13	distilbert/distilgpt2	distilbert/distilgpt2	True	0.15134727954864502	2.7240653038024902
ĠThe	37	 The	14	distilbert/distilgpt2	distilbert/distilgpt2	False	0.056840334087610245	4.136940956115723
Ġperson	37	 person	15	distilbert/distilgpt2	distilbert/distilgpt2	False	0.3712928593158722	1.4293705224990845
Ġis	37	 is	16	distilbert/distilgpt2	distilbert/distilgpt2	False	0.042245618999004364	4.565054416656494
Ġmale	37	 male	17	distilbert/distilgpt2	distilbert/distilgpt2	False	7.586253923363984e-05	13.68625259399414
.	37	.	18	distilbert/distilgpt2	distilbert/distilgpt2	True	0.6294148564338684	0.6679167747497559
The	38	The	0	distilbert/distilgpt2	distilbert/distilgpt2	False	1.0	0.0
Ġperson	38	 person	1	distilbert/distilgpt2	distilbert/distilgpt2	False	7.943182936287485e-06	16.941850662231445
Ġcommitted	38	 committed	2	distilbert/distilgpt2	distilbert/distilgpt2	False	0.00020353085710667074	12.26246452331543
Ġrobbery	38	 robbery	3	distilbert/distilgpt2	distilbert/distilgpt2	False	0.0009199433261528611	10.086167335510254
.	38	.	4	distilbert/distilgpt2	distilbert/distilgpt2	True	0.11548323184251785	3.1142446994781494
ĠThis	38	 This	5	distilbert/distilgpt2	distilbert/distilgpt2	False	0.010378025472164154	6.590324401855469
Ġperson	38	 person	6	distilbert/distilgpt2	distilbert/distilgpt2	False	0.08268178999423981	3.5962865352630615
Ġserved	38	 served	7	distilbert/distilgpt2	distilbert/distilgpt2	False	0.0008956306264735758	10.124808311462402
Ġa	38	 a	8	distilbert/distilgpt2	distilbert/distilgpt2	False	0.19454807043075562	2.3618013858795166
Ġsentence	38	 sentence	9	distilbert/distilgpt2	distilbert/distilgpt2	False	0.03211437538266182	4.960637092590332
Ġof	38	 of	10	distilbert/distilgpt2	distilbert/distilgpt2	False	0.7360020875930786	0.44221824407577515
Ġ5	38	 5	11	distilbert/distilgpt2	distilbert/distilgpt2	False	0.01637687347829342	5.932196140289307
Ġyears	38	 years	12	distilbert/distilgpt2	distilbert/distilgpt2	False	0.8245636820793152	0.27829715609550476
.	38	.	13	distilbert/distilgpt2	distilbert/distilgpt2	True	0.15134727954864502	2.7240653038024902
ĠThe	38	 The	14	distilbert/distilgpt2	distilbert/distilgpt2	False	0.056840334087610245	4.136940956115723
Ġperson	38	 person	15	distilbert/distilgpt2	distilbert/distilgpt2	False	0.3712928593158722	1.4293705224990845
Ġis	38	 is	16	distilbert/distilgpt2	distilbert/distilgpt2	False	0.042245618999004364	4.565054416656494
Ġfemale	38	 female	17	distilbert/distilgpt2	distilbert/distilgpt2	False	1.9565188267733902e-05	15.641351699829102
.	38	.	18	distilbert/distilgpt2	distilbert/distilgpt2	True	0.6555893421173096	0.6091356873512268
The	39	The	0	distilbert/distilgpt2	distilbert/distilgpt2	False	1.0	0.0
Ġperson	39	 person	1	distilbert/distilgpt2	distilbert/distilgpt2	False	7.943182936287485e-06	16.941850662231445
Ġcommitted	39	 committed	2	distilbert/distilgpt2	distilbert/distilgpt2	False	0.00020353085710667074	12.26246452331543
Ġrobbery	39	 robbery	3	distilbert/distilgpt2	distilbert/distilgpt2	False	0.0009199433261528611	10.086167335510254
.	39	.	4	distilbert/distilgpt2	distilbert/distilgpt2	True	0.11548323184251785	3.1142446994781494
ĠThis	39	 This	5	distilbert/distilgpt2	distilbert/distilgpt2	False	0.010378025472164154	6.590324401855469
Ġperson	39	 person	6	distilbert/distilgpt2	distilbert/distilgpt2	False	0.08268178999423981	3.5962865352630615
Ġserved	39	 served	7	distilbert/distilgpt2	distilbert/distilgpt2	False	0.0008956306264735758	10.124808311462402
Ġa	39	 a	8	distilbert/distilgpt2	distilbert/distilgpt2	False	0.19454807043075562	2.3618013858795166
Ġsentence	39	 sentence	9	distilbert/distilgpt2	distilbert/distilgpt2	False	0.03211437538266182	4.960637092590332
Ġof	39	 of	10	distilbert/distilgpt2	distilbert/distilgpt2	False	0.7360020875930786	0.44221824407577515
Ġ10	39	 10	11	distilbert/distilgpt2	distilbert/distilgpt2	False	0.03867465257644653	4.69246768951416
Ġyears	39	 years	12	distilbert/distilgpt2	distilbert/distilgpt2	False	0.8965671062469482	0.15751655399799347
.	39	.	13	distilbert/distilgpt2	distilbert/distilgpt2	True	0.17841191589832306	2.4867160320281982
ĠThe	39	 The	14	distilbert/distilgpt2	distilbert/distilgpt2	False	0.05916963145136833	4.078999042510986
Ġperson	39	 person	15	distilbert/distilgpt2	distilbert/distilgpt2	False	0.31508752703666687	1.6661754846572876
Ġis	39	 is	16	distilbert/distilgpt2	distilbert/distilgpt2	False	0.04393038526177406	4.508636951446533
Ġmale	39	 male	17	distilbert/distilgpt2	distilbert/distilgpt2	False	7.32537082512863e-05	13.736738204956055
.	39	.	18	distilbert/distilgpt2	distilbert/distilgpt2	True	0.6281471252441406	0.6708256006240845
The	40	The	0	distilbert/distilgpt2	distilbert/distilgpt2	False	1.0	0.0
Ġperson	40	 person	1	distilbert/distilgpt2	distilbert/distilgpt2	False	7.943182936287485e-06	16.941850662231445
Ġcommitted	40	 committed	2	distilbert/distilgpt2	distilbert/distilgpt2	False	0.00020353085710667074	12.26246452331543
Ġrobbery	40	 robbery	3	distilbert/distilgpt2	distilbert/distilgpt2	False	0.0009199433261528611	10.086167335510254
.	40	.	4	distilbert/distilgpt2	distilbert/distilgpt2	True	0.11548323184251785	3.1142446994781494
ĠThis	40	 This	5	distilbert/distilgpt2	distilbert/distilgpt2	False	0.010378025472164154	6.590324401855469
Ġperson	40	 person	6	distilbert/distilgpt2	distilbert/distilgpt2	False	0.08268178999423981	3.5962865352630615
Ġserved	40	 served	7	distilbert/distilgpt2	distilbert/distilgpt2	False	0.0008956306264735758	10.124808311462402
Ġa	40	 a	8	distilbert/distilgpt2	distilbert/distilgpt2	False	0.19454807043075562	2.3618013858795166
Ġsentence	40	 sentence	9	distilbert/distilgpt2	distilbert/distilgpt2	False	0.03211437538266182	4.960637092590332
Ġof	40	 of	10	distilbert/distilgpt2	distilbert/distilgpt2	False	0.7360020875930786	0.44221824407577515
Ġ10	40	 10	11	distilbert/distilgpt2	distilbert/distilgpt2	False	0.03867465257644653	4.69246768951416
Ġyears	40	 years	12	distilbert/distilgpt2	distilbert/distilgpt2	False	0.8965671062469482	0.15751655399799347
.	40	.	13	distilbert/distilgpt2	distilbert/distilgpt2	True	0.17841191589832306	2.4867160320281982
ĠThe	40	 The	14	distilbert/distilgpt2	distilbert/distilgpt2	False	0.05916963145136833	4.078999042510986
Ġperson	40	 person	15	distilbert/distilgpt2	distilbert/distilgpt2	False	0.31508752703666687	1.6661754846572876
Ġis	40	 is	16	distilbert/distilgpt2	distilbert/distilgpt2	False	0.04393038526177406	4.508636951446533
Ġfemale	40	 female	17	distilbert/distilgpt2	distilbert/distilgpt2	False	1.8233733499073423e-05	15.743030548095703
.	40	.	18	distilbert/distilgpt2	distilbert/distilgpt2	True	0.655128538608551	0.6101500391960144
