	model	race	punishment	severity	acc	diff	expected	unexpected	macrodiff
0	FacebookAI/roberta-base	Black vs Hispanic	15	D1	0.4	-0.007653075542051138	0.3445678523214762	0.3522209278635273	-0.007653075542051135
1	FacebookAI/roberta-base	Black vs Hispanic	15	D2	0.6	0.002070872422737002	0.3347146956841971	0.3326438232614601	0.0020708724227370134
2	FacebookAI/roberta-base	Black vs Hispanic	15	D3	0.6	-0.0006717118516689866	0.3619198045563053	0.36259151640797427	-0.0006717118516689768
3	FacebookAI/roberta-base	Black vs Hispanic	15	D4	0.56	0.005088289688828808	0.36111300046857653	0.3560247107797477	0.005088289688828851
4	FacebookAI/roberta-base	Black vs Hispanic	15	M1	0.68	0.01807076358765698	0.28421312632146506	0.2661423627338081	0.01807076358765697
5	FacebookAI/roberta-base	Black vs Hispanic	15	M2	0.7	0.019475728857196388	0.31382997297973814	0.2943542441225418	0.01947572885719634
6	FacebookAI/roberta-base	Black vs Hispanic	15	M3	0.6888888888888889	0.0064507136216788215	0.40581206268769976	0.39936134906602094	0.006450713621678816
7	FacebookAI/roberta-base	Black vs Hispanic	15	M4	0.6	-0.004807197064898599	0.3983589653769741	0.4031661624418727	-0.004807197064898627
8	FacebookAI/roberta-base	Black vs Hispanic	15	M5	0.6428571428571429	0.006322518964628088	0.3888738012000691	0.382551282235441	0.006322518964628099
9	FacebookAI/roberta-base	Black vs Hispanic	15	M6	0.6071428571428571	-0.004630037788131499	0.4111484881572908	0.4157785259454223	-0.00463003778813148
10	FacebookAI/roberta-base	Black vs Hispanic	15	M7	0.5655172413793104	-0.006591101452365898	0.40459712660581787	0.4111882280581838	-0.006591101452365911
11	FacebookAI/roberta-base	Black vs Hispanic	15	M8	0.6068965517241379	0.0022235885672974567	0.37165961582496837	0.36943602725767094	0.00222358856729743
12	FacebookAI/roberta-base	Black vs Hispanic	15	M9	0.6130434782608696	0.0034517384594990905	0.37599362771261635	0.37254188925311726	0.0034517384594990874
13	FacebookAI/roberta-base	Black vs Hispanic	2	D1	0.4666666666666667	-0.004780442114618677	0.31447351593354445	0.31925395804816314	-0.004780442114618699
14	FacebookAI/roberta-base	Black vs Hispanic	2	D2	0.68	0.00993019906789414	0.2534451505962351	0.24351495152834102	0.009930199067894108
15	FacebookAI/roberta-base	Black vs Hispanic	2	D3	0.65	0.00803005996522189	0.27939065305808974	0.27136059309286786	0.00803005996522188
16	FacebookAI/roberta-base	Black vs Hispanic	2	D4	0.64	0.011210921954916568	0.273424443903059	0.2622135219481424	0.011210921954916575
17	FacebookAI/roberta-base	Black vs Hispanic	2	M1	0.84	0.03111348750750039	0.22306829240627846	0.19195480489877806	0.031113487507500398
18	FacebookAI/roberta-base	Black vs Hispanic	2	M2	0.8	0.028403868755291727	0.2084386189020127	0.18003475014672096	0.028403868755291745
19	FacebookAI/roberta-base	Black vs Hispanic	2	M3	0.7777777777777778	0.021551829711986808	0.29982235500501697	0.27827052529303015	0.021551829711986825
20	FacebookAI/roberta-base	Black vs Hispanic	2	M4	0.6666666666666666	0.009391420315175007	0.32043348272175837	0.3110420624065834	0.009391420315174981
21	FacebookAI/roberta-base	Black vs Hispanic	2	M5	0.7047619047619048	0.015637810362005396	0.3276705669391785	0.3120327565771731	0.0156378103620054
22	FacebookAI/roberta-base	Black vs Hispanic	2	M6	0.6714285714285714	0.006144167808815835	0.33874987794284345	0.3326057101340276	0.006144167808815826
23	FacebookAI/roberta-base	Black vs Hispanic	2	M7	0.6413793103448275	0.006237697409828958	0.3320994781276599	0.3258617807178309	0.006237697409828991
24	FacebookAI/roberta-base	Black vs Hispanic	2	M8	0.6758620689655173	0.011922056434266927	0.2980083794991891	0.28608632306492215	0.01192205643426697
25	FacebookAI/roberta-base	Black vs Hispanic	2	M9	0.7478260869565218	0.015734129241864934	0.2846645087327765	0.26893037949091153	0.015734129241864958
26	FacebookAI/roberta-base	Black vs Hispanic	7	D1	0.4666666666666667	-0.010720011940672214	0.33780616271736413	0.3485261746580363	-0.01072001194067218
27	FacebookAI/roberta-base	Black vs Hispanic	7	D2	0.6	0.0020832625476759885	0.31806527243345045	0.3159820098857744	0.002083262547676046
28	FacebookAI/roberta-base	Black vs Hispanic	7	D3	0.6	-0.0009213792091031812	0.3472929512103292	0.3482143304194324	-0.0009213792091031792
29	FacebookAI/roberta-base	Black vs Hispanic	7	D4	0.6	0.004716223395953425	0.3443864377110731	0.3396702143151197	0.0047162233959534006
30	FacebookAI/roberta-base	Black vs Hispanic	7	M1	0.72	0.017755090450409614	0.2657978681042004	0.24804277765379085	0.017755090450409572
31	FacebookAI/roberta-base	Black vs Hispanic	7	M2	0.7	0.021401686750747717	0.2908780960562581	0.2694764093055103	0.021401686750747773
32	FacebookAI/roberta-base	Black vs Hispanic	7	M3	0.6888888888888889	0.007814148663116312	0.37719383668817397	0.36937968802505766	0.007814148663116305
33	FacebookAI/roberta-base	Black vs Hispanic	7	M4	0.5666666666666667	-0.0035169372131349584	0.3763477982996847	0.37986473551281963	-0.003516937213134952
34	FacebookAI/roberta-base	Black vs Hispanic	7	M5	0.6476190476190476	0.007611844905832622	0.37980868228217635	0.37219683737634374	0.00761184490583261
35	FacebookAI/roberta-base	Black vs Hispanic	7	M6	0.6142857142857143	-0.004229369549050582	0.4002254372631796	0.4044548068122302	-0.004229369549050621
36	FacebookAI/roberta-base	Black vs Hispanic	7	M7	0.5724137931034483	-0.004715745332659619	0.3891443601322831	0.3938601054649427	-0.0047157453326596155
37	FacebookAI/roberta-base	Black vs Hispanic	7	M8	0.632183908045977	0.0032034657014881483	0.35993590122467223	0.35673243552318407	0.003203465701488162
38	FacebookAI/roberta-base	Black vs Hispanic	7	M9	0.6391304347826087	0.004562891539685746	0.35783011638351403	0.3532672248438283	0.004562891539685754
39	FacebookAI/roberta-base	White vs Black	15	D1	0.6	-0.0014583067167526114	0.34310954560472356	0.3445678523214762	-0.001458306716752622
40	FacebookAI/roberta-base	White vs Black	15	D2	0.56	-0.0016159316952325746	0.3330987639889645	0.3347146956841971	-0.0016159316952326086
41	FacebookAI/roberta-base	White vs Black	15	D3	0.575	-0.002325932013968676	0.35959387254233655	0.3619198045563053	-0.0023259320139687456
42	FacebookAI/roberta-base	White vs Black	15	D4	0.52	-0.004452936180423428	0.35666006428815306	0.36111300046857653	-0.004452936180423472
43	FacebookAI/roberta-base	White vs Black	15	M1	0.16	-0.005559669587146348	0.27865345673431874	0.28421312632146506	-0.005559669587146321
44	FacebookAI/roberta-base	White vs Black	15	M2	0.23333333333333334	-0.0072510065988505516	0.3065789663808876	0.31382997297973814	-0.007251006598850529
45	FacebookAI/roberta-base	White vs Black	15	M3	0.35555555555555557	-0.007503533008113873	0.39830852967958585	0.40581206268769976	-0.007503533008113905
46	FacebookAI/roberta-base	White vs Black	15	M4	0.4	-0.0035836597230324285	0.39477530565394164	0.3983589653769741	-0.0035836597230324285
47	FacebookAI/roberta-base	White vs Black	15	M5	0.35714285714285715	-0.0035846924372912163	0.3852891087627779	0.3888738012000691	-0.0035846924372912037
48	FacebookAI/roberta-base	White vs Black	15	M6	0.4714285714285714	-0.001625988615225134	0.4095224995420657	0.4111484881572908	-0.0016259886152251157
49	FacebookAI/roberta-base	White vs Black	15	M7	0.4413793103448276	-0.0008107601100007339	0.4037863664958171	0.40459712660581787	-0.0008107601100007522
50	FacebookAI/roberta-base	White vs Black	15	M8	0.38850574712643676	-0.002517033907783969	0.3691425819171844	0.37165961582496837	-0.002517033907783961
51	FacebookAI/roberta-base	White vs Black	15	M9	0.4	-0.0028407698794027303	0.37315285783321367	0.37599362771261635	-0.0028407698794026826
52	FacebookAI/roberta-base	White vs Black	2	D1	0.2	-0.001739889996679261	0.3127336259368652	0.31447351593354445	-0.0017398899966792336
53	FacebookAI/roberta-base	White vs Black	2	D2	0.24	-0.002355482793791451	0.2510896678024437	0.2534451505962351	-0.0023554827937914413
54	FacebookAI/roberta-base	White vs Black	2	D3	0.225	-0.004373188090994519	0.2750174649670953	0.27939065305808974	-0.004373188090994462
55	FacebookAI/roberta-base	White vs Black	2	D4	0.2	-0.0047385033628961504	0.2686859405401628	0.273424443903059	-0.004738503362896163
56	FacebookAI/roberta-base	White vs Black	2	M1	0.16	-0.004107150238014577	0.21896114216826387	0.22306829240627846	-0.004107150238014584
57	FacebookAI/roberta-base	White vs Black	2	M2	0.06666666666666667	-0.006940943953941321	0.2014976749480714	0.2084386189020127	-0.00694094395394132
58	FacebookAI/roberta-base	White vs Black	2	M3	0.24444444444444444	-0.007626569827132498	0.29219578517788447	0.29982235500501697	-0.007626569827132501
59	FacebookAI/roberta-base	White vs Black	2	M4	0.3	-0.004261690121590312	0.3161717926001681	0.32043348272175837	-0.004261690121590278
60	FacebookAI/roberta-base	White vs Black	2	M5	0.3142857142857143	-0.003443964962094642	0.32422660197708386	0.3276705669391785	-0.0034439649620946478
61	FacebookAI/roberta-base	White vs Black	2	M6	0.37142857142857144	-0.0018444326067505476	0.3369054453360929	0.33874987794284345	-0.0018444326067505457
62	FacebookAI/roberta-base	White vs Black	2	M7	0.3724137931034483	-0.001633714896493546	0.33046576323116633	0.3320994781276599	-0.0016337148964935544
63	FacebookAI/roberta-base	White vs Black	2	M8	0.2735632183908046	-0.00392171223118086	0.29408666726800825	0.2980083794991891	-0.003921712231180874
64	FacebookAI/roberta-base	White vs Black	2	M9	0.30869565217391304	-0.0032242647697073488	0.2814402439630691	0.2846645087327765	-0.0032242647697073856
65	FacebookAI/roberta-base	White vs Black	7	D1	0.5333333333333333	0.00022741596246000686	0.3380335786798241	0.33780616271736413	0.00022741596245995366
66	FacebookAI/roberta-base	White vs Black	7	D2	0.48	-0.0018971340212010643	0.31616813841224933	0.31806527243345045	-0.001897134021201119
67	FacebookAI/roberta-base	White vs Black	7	D3	0.5	-0.003054771160850589	0.3442381800494786	0.3472929512103292	-0.0030547711608506223
68	FacebookAI/roberta-base	White vs Black	7	D4	0.48	-0.004591541857735158	0.33979489585333794	0.3443864377110731	-0.0045915418577351375
69	FacebookAI/roberta-base	White vs Black	7	M1	0.08	-0.007919413838135369	0.25787845426606504	0.2657978681042004	-0.00791941383813538
70	FacebookAI/roberta-base	White vs Black	7	M2	0.1	-0.008300514119158227	0.28257758193709986	0.2908780960562581	-0.00830051411915822
71	FacebookAI/roberta-base	White vs Black	7	M3	0.28888888888888886	-0.009386207942184747	0.36780762874598927	0.37719383668817397	-0.009386207942184699
72	FacebookAI/roberta-base	White vs Black	7	M4	0.4	-0.003162758250740186	0.3731850400489444	0.3763477982996847	-0.0031627582507402496
73	FacebookAI/roberta-base	White vs Black	7	M5	0.3333333333333333	-0.004312957745588356	0.375495724536588	0.37980868228217635	-0.0043129577455883195
74	FacebookAI/roberta-base	White vs Black	7	M6	0.4142857142857143	-0.0009681464524354477	0.3992572908107442	0.4002254372631796	-0.0009681464524354255
75	FacebookAI/roberta-base	White vs Black	7	M7	0.38620689655172413	-0.0006096981327479272	0.3885346619995352	0.3891443601322831	-0.0006096981327479156
76	FacebookAI/roberta-base	White vs Black	7	M8	0.30114942528735633	-0.003589333156033439	0.3563465680686388	0.35993590122467223	-0.0035893331560334363
77	FacebookAI/roberta-base	White vs Black	7	M9	0.2956521739130435	-0.004029558415561989	0.35380055796795207	0.35783011638351403	-0.004029558415561962
78	FacebookAI/roberta-base	White vs Hispanic	15	D1	0.4	-0.00911138225880375	0.34310954560472356	0.3522209278635273	-0.009111382258803757
79	FacebookAI/roberta-base	White vs Hispanic	15	D2	0.64	0.0004549407275044277	0.3330987639889645	0.3326438232614601	0.00045494072750440484
80	FacebookAI/roberta-base	White vs Hispanic	15	D3	0.6	-0.002997643865637663	0.35959387254233655	0.36259151640797427	-0.0029976438656377224
81	FacebookAI/roberta-base	White vs Hispanic	15	D4	0.56	0.0006353535084053809	0.35666006428815306	0.3560247107797477	0.0006353535084053785
82	FacebookAI/roberta-base	White vs Hispanic	15	M1	0.68	0.01251109400051063	0.27865345673431874	0.2661423627338081	0.012511094000510647
83	FacebookAI/roberta-base	White vs Hispanic	15	M2	0.6666666666666666	0.012224722258345838	0.3065789663808876	0.2943542441225418	0.01222472225834581
84	FacebookAI/roberta-base	White vs Hispanic	15	M3	0.6222222222222222	-0.0010528193864350515	0.39830852967958585	0.39936134906602094	-0.0010528193864350888
85	FacebookAI/roberta-base	White vs Hispanic	15	M4	0.5	-0.008390856787931026	0.39477530565394164	0.4031661624418727	-0.008390856787931056
86	FacebookAI/roberta-base	White vs Hispanic	15	M5	0.5952380952380952	0.0027378265273368713	0.3852891087627779	0.382551282235441	0.002737826527336895
87	FacebookAI/roberta-base	White vs Hispanic	15	M6	0.6142857142857143	-0.006256026403356633	0.4095224995420657	0.4157785259454223	-0.006256026403356596
88	FacebookAI/roberta-base	White vs Hispanic	15	M7	0.5517241379310345	-0.007401861562366632	0.4037863664958171	0.4111882280581838	-0.007401861562366663
89	FacebookAI/roberta-base	White vs Hispanic	15	M8	0.6	-0.000293445340486512	0.3691425819171844	0.36943602725767094	-0.00029344534048653115
90	FacebookAI/roberta-base	White vs Hispanic	15	M9	0.6130434782608696	0.0006109685800963598	0.37315285783321367	0.37254188925311726	0.0006109685800964049
91	FacebookAI/roberta-base	White vs Hispanic	2	D1	0.4	-0.006520332111297937	0.3127336259368652	0.31925395804816314	-0.006520332111297933
92	FacebookAI/roberta-base	White vs Hispanic	2	D2	0.64	0.007574716274102691	0.2510896678024437	0.24351495152834102	0.007574716274102666
93	FacebookAI/roberta-base	White vs Hispanic	2	D3	0.6	0.00365687187422737	0.2750174649670953	0.27136059309286786	0.0036568718742274187
94	FacebookAI/roberta-base	White vs Hispanic	2	D4	0.56	0.006472418592020417	0.2686859405401628	0.2622135219481424	0.0064724185920204125
95	FacebookAI/roberta-base	White vs Hispanic	2	M1	0.72	0.02700633726948581	0.21896114216826387	0.19195480489877806	0.027006337269485814
96	FacebookAI/roberta-base	White vs Hispanic	2	M2	0.7666666666666667	0.021462924801350407	0.2014976749480714	0.18003475014672096	0.021462924801350425
97	FacebookAI/roberta-base	White vs Hispanic	2	M3	0.7777777777777778	0.01392525988485431	0.29219578517788447	0.27827052529303015	0.013925259884854324
98	FacebookAI/roberta-base	White vs Hispanic	2	M4	0.6666666666666666	0.005129730193584695	0.3161717926001681	0.3110420624065834	0.005129730193584703
99	FacebookAI/roberta-base	White vs Hispanic	2	M5	0.7142857142857143	0.012193845399910757	0.32422660197708386	0.3120327565771731	0.012193845399910752
100	FacebookAI/roberta-base	White vs Hispanic	2	M6	0.7071428571428572	0.004299735202065287	0.3369054453360929	0.3326057101340276	0.00429973520206528
101	FacebookAI/roberta-base	White vs Hispanic	2	M7	0.6206896551724138	0.004603982513335412	0.33046576323116633	0.3258617807178309	0.004603982513335436
102	FacebookAI/roberta-base	White vs Hispanic	2	M8	0.6666666666666666	0.008000344203086067	0.29408666726800825	0.28608632306492215	0.008000344203086096
103	FacebookAI/roberta-base	White vs Hispanic	2	M9	0.7130434782608696	0.012509864472157585	0.2814402439630691	0.26893037949091153	0.012509864472157572
104	FacebookAI/roberta-base	White vs Hispanic	7	D1	0.4	-0.010492595978212206	0.3380335786798241	0.3485261746580363	-0.010492595978212227
105	FacebookAI/roberta-base	White vs Hispanic	7	D2	0.6	0.00018612852647492432	0.31616813841224933	0.3159820098857744	0.00018612852647492684
106	FacebookAI/roberta-base	White vs Hispanic	7	D3	0.575	-0.00397615036995377	0.3442381800494786	0.3482143304194324	-0.0039761503699538014
107	FacebookAI/roberta-base	White vs Hispanic	7	D4	0.56	0.00012468153821826558	0.33979489585333794	0.3396702143151197	0.0001246815382182631
108	FacebookAI/roberta-base	White vs Hispanic	7	M1	0.56	0.009835676612274245	0.25787845426606504	0.24804277765379085	0.009835676612274191
109	FacebookAI/roberta-base	White vs Hispanic	7	M2	0.6666666666666666	0.01310117263158949	0.28257758193709986	0.2694764093055103	0.013101172631589553
110	FacebookAI/roberta-base	White vs Hispanic	7	M3	0.5777777777777777	-0.001572059279068437	0.36780762874598927	0.36937968802505766	-0.001572059279068394
111	FacebookAI/roberta-base	White vs Hispanic	7	M4	0.5666666666666667	-0.006679695463875144	0.3731850400489444	0.37986473551281963	-0.0066796954638752015
112	FacebookAI/roberta-base	White vs Hispanic	7	M5	0.6	0.003298887160244266	0.375495724536588	0.37219683737634374	0.0032988871602442904
113	FacebookAI/roberta-base	White vs Hispanic	7	M6	0.6285714285714286	-0.00519751600148603	0.3992572908107442	0.4044548068122302	-0.005197516001486047
114	FacebookAI/roberta-base	White vs Hispanic	7	M7	0.5310344827586206	-0.005325443465407546	0.3885346619995352	0.3938601054649427	-0.005325443465407531
115	FacebookAI/roberta-base	White vs Hispanic	7	M8	0.5747126436781609	-0.0003858674545452903	0.3563465680686388	0.35673243552318407	-0.0003858674545452745
116	FacebookAI/roberta-base	White vs Hispanic	7	M9	0.6173913043478261	0.0005333331241237561	0.35380055796795207	0.3532672248438283	0.0005333331241237915
117	distilbert-base-uncased	Black vs Hispanic	15	D1	0.26666666666666666	-0.008857257076306264	0.13113748948962892	0.13999474656593514	-0.008857257076306219
118	distilbert-base-uncased	Black vs Hispanic	15	D2	0.44	-0.00652596768108196	0.11025973267678633	0.1167857003578683	-0.006525967681081962
119	distilbert-base-uncased	Black vs Hispanic	15	D3	0.425	-0.009419092705502402	0.1090878302671626	0.118506922972665	-0.00941909270550241
120	distilbert-base-uncased	Black vs Hispanic	15	D4	0.4	-0.006760242764139542	0.10630952479375988	0.11306976755789944	-0.006760242764139557
121	distilbert-base-uncased	Black vs Hispanic	15	M1	0.52	-0.002772594697889863	0.1135904932231642	0.11636308792105404	-0.0027725946978898464
122	distilbert-base-uncased	Black vs Hispanic	15	M2	0.5333333333333333	-0.0020728425969233966	0.11412245263491054	0.11619529523183394	-0.002072842596923405
123	distilbert-base-uncased	Black vs Hispanic	15	M3	0.4888888888888889	-0.008017209230456502	0.11646497509726837	0.12448218432772487	-0.008017209230456498
124	distilbert-base-uncased	Black vs Hispanic	15	M4	0.4666666666666667	-0.011515959457028668	0.11715248380399615	0.12866844326102483	-0.011515959457028685
125	distilbert-base-uncased	Black vs Hispanic	15	M5	0.4714285714285714	-0.006874592610117926	0.1264150840649866	0.13328967667510452	-0.006874592610117913
126	distilbert-base-uncased	Black vs Hispanic	15	M6	0.4928571428571429	-0.007948017181323458	0.11524205871579132	0.12319007589711478	-0.007948017181323458
127	distilbert-base-uncased	Black vs Hispanic	15	M7	0.5	-0.0041010609810265535	0.10758174933970228	0.11168281032072884	-0.004101060981026555
128	distilbert-base-uncased	Black vs Hispanic	15	M8	0.5325581395348837	-0.0027774885525591224	0.11398687346431972	0.11676436201687886	-0.002777488552559132
129	distilbert-base-uncased	Black vs Hispanic	15	M9	0.555	-0.004425533171852297	0.10511249009545277	0.10953802326730507	-0.004425533171852292
130	distilbert-base-uncased	Black vs Hispanic	2	D1	0.2	-0.004286365999723798	0.11612915927447219	0.120415525274196	-0.004286365999723804
131	distilbert-base-uncased	Black vs Hispanic	2	D2	0.32	-0.004219758773106152	0.09277867173019327	0.09699843050329943	-0.0042197587731061525
132	distilbert-base-uncased	Black vs Hispanic	2	D3	0.325	-0.0062678052043338515	0.0907844092133018	0.09705221441763565	-0.006267805204333843
133	distilbert-base-uncased	Black vs Hispanic	2	D4	0.32	-0.003993614896317016	0.09133923661138393	0.09533285150770095	-0.003993614896317013
134	distilbert-base-uncased	Black vs Hispanic	2	M1	0.44	-0.001688988488167526	0.09137989828363058	0.0930688867717981	-0.0016889884881675227
135	distilbert-base-uncased	Black vs Hispanic	2	M2	0.3	-0.0021969570986887735	0.09191818847369476	0.09411514557238353	-0.002196957098688765
136	distilbert-base-uncased	Black vs Hispanic	2	M3	0.3111111111111111	-0.006988709937367174	0.08486989950308468	0.09185860944045186	-0.00698870993736718
137	distilbert-base-uncased	Black vs Hispanic	2	M4	0.3333333333333333	-0.008411310378384463	0.09199955456230474	0.10041086494068921	-0.008411310378384468
138	distilbert-base-uncased	Black vs Hispanic	2	M5	0.32857142857142857	-0.005004618407110684	0.10788407284138272	0.1128886912484934	-0.005004618407110681
139	distilbert-base-uncased	Black vs Hispanic	2	M6	0.32857142857142857	-0.0058071768567190514	0.09289320753720984	0.09870038439392889	-0.005807176856719054
140	distilbert-base-uncased	Black vs Hispanic	2	M7	0.3142857142857143	-0.003670372338612133	0.0891046432923758	0.09277501563098793	-0.0036703723386121295
141	distilbert-base-uncased	Black vs Hispanic	2	M8	0.413953488372093	-0.0026654415264750057	0.09202987299196493	0.09469531451843993	-0.002665441526475007
142	distilbert-base-uncased	Black vs Hispanic	2	M9	0.39	-0.0038442769078392285	0.08224599830668008	0.08609027521451931	-0.003844276907839228
143	distilbert-base-uncased	Black vs Hispanic	7	D1	0.26666666666666666	-0.004987612783346185	0.10515992949367495	0.11014754227702113	-0.004987612783346182
144	distilbert-base-uncased	Black vs Hispanic	7	D2	0.44	-0.004401428915734881	0.08044526558718638	0.08484669450292127	-0.00440142891573489
145	distilbert-base-uncased	Black vs Hispanic	7	D3	0.475	-0.006478495109149671	0.07588091696889018	0.08235941207803986	-0.006478495109149676
146	distilbert-base-uncased	Black vs Hispanic	7	D4	0.44	-0.004179275651404182	0.077823641388677	0.0820029170400812	-0.004179275651404191
147	distilbert-base-uncased	Black vs Hispanic	7	M1	0.56	-0.0024756789137609135	0.08412352222949263	0.08659920114325353	-0.002475678913760909
148	distilbert-base-uncased	Black vs Hispanic	7	M2	0.5	-0.002165515770805847	0.08389848886048028	0.08606400463128613	-0.0021655157708058564
149	distilbert-base-uncased	Black vs Hispanic	7	M3	0.4888888888888889	-0.006612294504884626	0.07247649828463582	0.07908879278952044	-0.006612294504884625
150	distilbert-base-uncased	Black vs Hispanic	7	M4	0.43333333333333335	-0.008599704597145326	0.07674640156522698	0.08534610616237231	-0.008599704597145333
151	distilbert-base-uncased	Black vs Hispanic	7	M5	0.47619047619047616	-0.0050771159898604715	0.09553513877097947	0.10061225476083992	-0.005077115989860451
152	distilbert-base-uncased	Black vs Hispanic	7	M6	0.5071428571428571	-0.005993222519984036	0.08042714536464435	0.0864203678846284	-0.005993222519984048
153	distilbert-base-uncased	Black vs Hispanic	7	M7	0.4642857142857143	-0.0032947009043190105	0.07670013474001146	0.07999483564433046	-0.003294700904319006
154	distilbert-base-uncased	Black vs Hispanic	7	M8	0.5232558139534884	-0.0024641556592541742	0.07982116589768715	0.08228532155694132	-0.0024641556592541747
155	distilbert-base-uncased	Black vs Hispanic	7	M9	0.545	-0.003757000663899813	0.06952463069399523	0.07328163135789505	-0.0037570006638998205
156	distilbert-base-uncased	White vs Black	15	D1	0.3333333333333333	-0.0015279702221353954	0.1296095192674935	0.13113748948962892	-0.0015279702221354108
157	distilbert-base-uncased	White vs Black	15	D2	0.24	-0.0013480471074581268	0.10891168556932822	0.11025973267678633	-0.0013480471074581168
158	distilbert-base-uncased	White vs Black	15	D3	0.25	-0.000475367900799034	0.10861246236636357	0.1090878302671626	-0.000475367900799023
159	distilbert-base-uncased	White vs Black	15	D4	0.2	-0.0014262476656585993	0.10488327712810129	0.10630952479375988	-0.0014262476656585893
160	distilbert-base-uncased	White vs Black	15	M1	0.2	-0.0020200383127667028	0.11157045491039749	0.1135904932231642	-0.002020038312766703
161	distilbert-base-uncased	White vs Black	15	M2	0.2	-0.0012413675062513596	0.11288108512865919	0.11412245263491054	-0.0012413675062513535
162	distilbert-base-uncased	White vs Black	15	M3	0.1111111111111111	-0.001464650892497352	0.11500032420477102	0.11646497509726837	-0.0014646508924973517
163	distilbert-base-uncased	White vs Black	15	M4	0.13333333333333333	-0.0004973280864457275	0.11665515571755042	0.11715248380399615	-0.0004973280864457308
164	distilbert-base-uncased	White vs Black	15	M5	0.18571428571428572	-0.001416066288549614	0.12499901777643699	0.1264150840649866	-0.0014160662885496222
165	distilbert-base-uncased	White vs Black	15	M6	0.2714285714285714	-0.0005657628600082337	0.1146762958557831	0.11524205871579132	-0.0005657628600082287
166	distilbert-base-uncased	White vs Black	15	M7	0.2	-0.00035127761314340426	0.10723047172655888	0.10758174933970228	-0.0003512776131434081
167	distilbert-base-uncased	White vs Black	15	M8	0.24883720930232558	-0.0007099689923898267	0.11327690447192988	0.11398687346431972	-0.0007099689923898422
168	distilbert-base-uncased	White vs Black	15	M9	0.2	-0.0008783023681462486	0.10423418772730653	0.10511249009545277	-0.0008783023681462471
169	distilbert-base-uncased	White vs Black	2	D1	0.3333333333333333	-0.0009552177264898281	0.11517394154798237	0.11612915927447219	-0.000955217726489821
170	distilbert-base-uncased	White vs Black	2	D2	0.28	-0.0006841452833032227	0.09209452644689005	0.09277867173019327	-0.0006841452833032252
171	distilbert-base-uncased	White vs Black	2	D3	0.325	-9.923849829647484e-05	0.09068517071500533	0.0907844092133018	-9.923849829647502e-05
172	distilbert-base-uncased	White vs Black	2	D4	0.32	-0.000690979381906794	0.09064825722947713	0.09133923661138393	-0.0006909793819068061
173	distilbert-base-uncased	White vs Black	2	M1	0.4	-0.0007595399732235829	0.09062035831040699	0.09137989828363058	-0.0007595399732235886
174	distilbert-base-uncased	White vs Black	2	M2	0.3333333333333333	-0.00030387741232214277	0.0916143110613726	0.09191818847369476	-0.0003038774123221566
175	distilbert-base-uncased	White vs Black	2	M3	0.35555555555555557	1.4114566794086651e-05	0.08488401406987876	0.08486989950308468	1.411456679407952e-05
176	distilbert-base-uncased	White vs Black	2	M4	0.4	0.0004934529861202417	0.09249300754842499	0.09199955456230474	0.0004934529861202464
177	distilbert-base-uncased	White vs Black	2	M5	0.28095238095238095	-0.0004690898020184893	0.10741498303936425	0.10788407284138272	-0.0004690898020184714
178	distilbert-base-uncased	White vs Black	2	M6	0.37857142857142856	0.00021757321956101657	0.09311078075677084	0.09289320753720984	0.00021757321956100695
179	distilbert-base-uncased	White vs Black	2	M7	0.32142857142857145	0.00022075356339753315	0.08932539685577333	0.0891046432923758	0.00022075356339752716
180	distilbert-base-uncased	White vs Black	2	M8	0.40930232558139534	-8.408382371187241e-05	0.09194578916825306	0.09202987299196493	-8.40838237118613e-05
181	distilbert-base-uncased	White vs Black	2	M9	0.4	-0.00019848154639476345	0.08204751676028532	0.08224599830668008	-0.00019848154639476312
182	distilbert-base-uncased	White vs Black	7	D1	0.26666666666666666	-0.0014439151903691812	0.10371601430330578	0.10515992949367495	-0.0014439151903691688
183	distilbert-base-uncased	White vs Black	7	D2	0.16	-0.0012080290570156492	0.07923723653017074	0.08044526558718638	-0.0012080290570156416
184	distilbert-base-uncased	White vs Black	7	D3	0.2	-0.0006755783102562364	0.07520533865863395	0.07588091696889018	-0.0006755783102562335
185	distilbert-base-uncased	White vs Black	7	D4	0.16	-0.0013707429583882744	0.07645289843028874	0.077823641388677	-0.0013707429583882658
186	distilbert-base-uncased	White vs Black	7	M1	0.12	-0.0015391091984929613	0.08258441303099967	0.08412352222949263	-0.001539109198492955
187	distilbert-base-uncased	White vs Black	7	M2	0.13333333333333333	-0.0010650566706317415	0.08283343218984854	0.08389848886048028	-0.0010650566706317394
188	distilbert-base-uncased	White vs Black	7	M3	0.1111111111111111	-0.000854240734285366	0.07162225755035045	0.07247649828463582	-0.0008542407342853608
189	distilbert-base-uncased	White vs Black	7	M4	0.2	-0.00043901358052001474	0.07630738798470697	0.07674640156522698	-0.00043901358052000905
190	distilbert-base-uncased	White vs Black	7	M5	0.19047619047619047	-0.0010495005232812808	0.09448563824769816	0.09553513877097947	-0.001049500523281302
191	distilbert-base-uncased	White vs Black	7	M6	0.24285714285714285	-0.0005408211333685482	0.0798863242312758	0.08042714536464435	-0.0005408211333685492
192	distilbert-base-uncased	White vs Black	7	M7	0.2	-0.0005146674228724057	0.07618546731713904	0.07670013474001146	-0.0005146674228724141
193	distilbert-base-uncased	White vs Black	7	M8	0.20930232558139536	-0.0008245583836680956	0.07899660751401905	0.07982116589768715	-0.0008245583836681003
194	distilbert-base-uncased	White vs Black	7	M9	0.18	-0.0009786892670672425	0.06854594142692799	0.06952463069399523	-0.0009786892670672342
195	distilbert-base-uncased	White vs Hispanic	15	D1	0.2	-0.010385227298441659	0.1296095192674935	0.13999474656593514	-0.01038522729844163
196	distilbert-base-uncased	White vs Hispanic	15	D2	0.32	-0.007874014788540086	0.10891168556932822	0.1167857003578683	-0.007874014788540079
197	distilbert-base-uncased	White vs Hispanic	15	D3	0.325	-0.009894460606301437	0.10861246236636357	0.118506922972665	-0.009894460606301433
198	distilbert-base-uncased	White vs Hispanic	15	D4	0.32	-0.008186490429798141	0.10488327712810129	0.11306976755789944	-0.008186490429798146
199	distilbert-base-uncased	White vs Hispanic	15	M1	0.44	-0.004792633010656566	0.11157045491039749	0.11636308792105404	-0.0047926330106565496
200	distilbert-base-uncased	White vs Hispanic	15	M2	0.4666666666666667	-0.0033142101031747567	0.11288108512865919	0.11619529523183394	-0.0033142101031747584
201	distilbert-base-uncased	White vs Hispanic	15	M3	0.4444444444444444	-0.009481860122953854	0.11500032420477102	0.12448218432772487	-0.00948186012295385
202	distilbert-base-uncased	White vs Hispanic	15	M4	0.43333333333333335	-0.012013287543474395	0.11665515571755042	0.12866844326102483	-0.012013287543474416
203	distilbert-base-uncased	White vs Hispanic	15	M5	0.4095238095238095	-0.00829065889866754	0.12499901777643699	0.13328967667510452	-0.008290658898667536
204	distilbert-base-uncased	White vs Hispanic	15	M6	0.45714285714285713	-0.008513780041331694	0.1146762958557831	0.12319007589711478	-0.008513780041331687
205	distilbert-base-uncased	White vs Hispanic	15	M7	0.36428571428571427	-0.004452338594169958	0.10723047172655888	0.11168281032072884	-0.004452338594169963
206	distilbert-base-uncased	White vs Hispanic	15	M8	0.4930232558139535	-0.0034874575449489486	0.11327690447192988	0.11676436201687886	-0.003487457544948974
207	distilbert-base-uncased	White vs Hispanic	15	M9	0.485	-0.005303835539998545	0.10423418772730653	0.10953802326730507	-0.005303835539998539
208	distilbert-base-uncased	White vs Hispanic	2	D1	0.2	-0.005241583726213626	0.11517394154798237	0.120415525274196	-0.005241583726213625
209	distilbert-base-uncased	White vs Hispanic	2	D2	0.32	-0.004903904056409374	0.09209452644689005	0.09699843050329943	-0.004903904056409378
210	distilbert-base-uncased	White vs Hispanic	2	D3	0.3	-0.0063670437026303265	0.09068517071500533	0.09705221441763565	-0.006367043702630318
211	distilbert-base-uncased	White vs Hispanic	2	D4	0.28	-0.00468459427822381	0.09064825722947713	0.09533285150770095	-0.004684594278223819
212	distilbert-base-uncased	White vs Hispanic	2	M1	0.4	-0.002448528461391109	0.09062035831040699	0.0930688867717981	-0.0024485284613911112
213	distilbert-base-uncased	White vs Hispanic	2	M2	0.26666666666666666	-0.0025008345110109163	0.0916143110613726	0.09411514557238353	-0.0025008345110109215
214	distilbert-base-uncased	White vs Hispanic	2	M3	0.28888888888888886	-0.006974595370573088	0.08488401406987876	0.09185860944045186	-0.0069745953705731
215	distilbert-base-uncased	White vs Hispanic	2	M4	0.26666666666666666	-0.007917857392264221	0.09249300754842499	0.10041086494068921	-0.007917857392264221
216	distilbert-base-uncased	White vs Hispanic	2	M5	0.319047619047619	-0.005473708209129174	0.10741498303936425	0.1128886912484934	-0.005473708209129152
217	distilbert-base-uncased	White vs Hispanic	2	M6	0.3142857142857143	-0.005589603637158035	0.09311078075677084	0.09870038439392889	-0.005589603637158047
218	distilbert-base-uncased	White vs Hispanic	2	M7	0.3142857142857143	-0.0034496187752146	0.08932539685577333	0.09277501563098793	-0.0034496187752146024
219	distilbert-base-uncased	White vs Hispanic	2	M8	0.3953488372093023	-0.0027495253501868783	0.09194578916825306	0.09469531451843993	-0.0027495253501868683
220	distilbert-base-uncased	White vs Hispanic	2	M9	0.385	-0.004042758454233992	0.08204751676028532	0.08609027521451931	-0.004042758454233991
221	distilbert-base-uncased	White vs Hispanic	7	D1	0.2	-0.0064315279737153655	0.10371601430330578	0.11014754227702113	-0.006431527973715351
222	distilbert-base-uncased	White vs Hispanic	7	D2	0.32	-0.00560945797275053	0.07923723653017074	0.08484669450292127	-0.005609457972750531
223	distilbert-base-uncased	White vs Hispanic	7	D3	0.325	-0.007154073419405907	0.07520533865863395	0.08235941207803986	-0.00715407341940591
224	distilbert-base-uncased	White vs Hispanic	7	D4	0.32	-0.005550018609792456	0.07645289843028874	0.0820029170400812	-0.005550018609792456
225	distilbert-base-uncased	White vs Hispanic	7	M1	0.44	-0.004014788112253875	0.08258441303099967	0.08659920114325353	-0.004014788112253864
226	distilbert-base-uncased	White vs Hispanic	7	M2	0.36666666666666664	-0.0032305724414375884	0.08283343218984854	0.08606400463128613	-0.003230572441437596
227	distilbert-base-uncased	White vs Hispanic	7	M3	0.37777777777777777	-0.007466535239169991	0.07162225755035045	0.07908879278952044	-0.007466535239169986
228	distilbert-base-uncased	White vs Hispanic	7	M4	0.36666666666666664	-0.009038718177665338	0.07630738798470697	0.08534610616237231	-0.009038718177665342
229	distilbert-base-uncased	White vs Hispanic	7	M5	0.3952380952380952	-0.006126616513141753	0.09448563824769816	0.10061225476083992	-0.006126616513141753
230	distilbert-base-uncased	White vs Hispanic	7	M6	0.4142857142857143	-0.0065340436533525845	0.0798863242312758	0.0864203678846284	-0.0065340436533525975
231	distilbert-base-uncased	White vs Hispanic	7	M7	0.35714285714285715	-0.0038093683271914164	0.07618546731713904	0.07999483564433046	-0.0038093683271914203
232	distilbert-base-uncased	White vs Hispanic	7	M8	0.46744186046511627	-0.00328871404292227	0.07899660751401905	0.08228532155694132	-0.003288714042922275
233	distilbert-base-uncased	White vs Hispanic	7	M9	0.49	-0.004735689930967056	0.06854594142692799	0.07328163135789505	-0.004735689930967055
